bibItem,creatorstatement,propLabel,listpos,givenName,lastName,fullName,fullName_clusters,fullName_recon_Wikidata,fullName_recon_Wikibase
https://dhwiki.wikibase.cloud/entity/Q273,https://dhwiki.wikibase.cloud/entity/statement/Q273-485519D9-A015-4E67-8B08-1C800BF549AF,Author,4,,,"Mignosa, A.","Mignosa, A.","Mignosa, A.","Mignosa, A."
https://dhwiki.wikibase.cloud/entity/Q273,https://dhwiki.wikibase.cloud/entity/statement/Q273-67FFA8DF-2CE9-46A7-8B69-4891FD7160D1,Author,5,,,"Sani, M.","Sani, M.","Sani, M.","Sani, M."
https://dhwiki.wikibase.cloud/entity/Q273,https://dhwiki.wikibase.cloud/entity/statement/Q273-CA7433EB-9671-4F81-87A2-C2796CF36225,Author,3,,,"Marçal, E.","Marçal, E.","Marçal, E.","Marçal, E."
https://dhwiki.wikibase.cloud/entity/Q273,https://dhwiki.wikibase.cloud/entity/statement/Q273-F9833E60-4C08-4891-B6B6-938587AC191C,Author,2,,,"Lagerqvist, B.","Lagerqvist, B.","Lagerqvist, B.","Lagerqvist, B."
https://dhwiki.wikibase.cloud/entity/Q259,https://dhwiki.wikibase.cloud/entity/statement/Q259-C33281DA-D4C1-4AFA-BA10-906287BD160F,Author,1,,,"Lezcano González,María Elvira  et al.","Lezcano González,María Elvira  et al.","Lezcano González,María Elvira  et al.","Lezcano González,María Elvira  et al."
https://dhwiki.wikibase.cloud/entity/Q269,https://dhwiki.wikibase.cloud/entity/statement/Q269-1BC4F41D-B395-4563-A454-F814D7A3B1E7,Author,5,,,Newman C.,Newman C.,Newman C.,Newman C.
https://dhwiki.wikibase.cloud/entity/Q269,https://dhwiki.wikibase.cloud/entity/statement/Q269-62DDA359-5CFE-4E96-92F3-BB55AF4E10D1,Author,3,,,"Marçal, E.","Marçal, E.","Marçal, E.","Marçal, E."
https://dhwiki.wikibase.cloud/entity/Q269,https://dhwiki.wikibase.cloud/entity/statement/Q269-771BB143-16EF-48D8-9E0B-9E891F09BC7A,Author,2,,,"Lagerqvist, B.","Lagerqvist, B.","Lagerqvist, B.","Lagerqvist, B."
https://dhwiki.wikibase.cloud/entity/Q269,https://dhwiki.wikibase.cloud/entity/statement/Q269-A1D8C28B-CE62-45B1-9B71-17B4760F4077,Author,4,,,"Mignosa, A.","Mignosa, A.","Mignosa, A.","Mignosa, A."
https://dhwiki.wikibase.cloud/entity/Q553,https://dhwiki.wikibase.cloud/entity/statement/Q553-7A3ABB2F-0044-4120-A9A0-7FD20383C870,Author,1,,,ARL Task Force on Wikimedia and Linked Open Data,ARL Task Force on Wikimedia and Linked Open Data,ARL Task Force on Wikimedia and Linked Open Data,ARL Task Force on Wikimedia and Linked Open Data
https://dhwiki.wikibase.cloud/entity/Q275,https://dhwiki.wikibase.cloud/entity/statement/Q275-2B560BEB-D19C-4DDD-8B2F-74800BB68DE1,Editor,1,,,Centro de Fotografía de Motevideo,Centro de Fotografía de Motevideo,Centro de Fotografía de Motevideo,Centro de Fotografía de Motevideo
https://dhwiki.wikibase.cloud/entity/Q527,https://dhwiki.wikibase.cloud/entity/statement/Q527-A34880FB-46D0-4BC5-AD0C-00A71205C1BB,Author,4,Imed,Adel,Imed Adel,Imed Adel,Imed Adel,Imed Adel
https://dhwiki.wikibase.cloud/entity/Q574,https://dhwiki.wikibase.cloud/entity/statement/Q574-8DAB465B-048F-4313-A4C0-E48BEBE27532,Editor,5,Sina,Ahmadi,Sina Ahmadi,Sina Ahmadi,Sina Ahmadi,Sina Ahmadi
https://dhwiki.wikibase.cloud/entity/Q526,https://dhwiki.wikibase.cloud/entity/statement/Q526-B708C374-E170-4AB5-A0F4-E31BBE0AF1AE,Author,3,Shqiponja,Ahmetaj,Shqiponja Ahmetaj,Shqiponja Ahmetaj,Shqiponja Ahmetaj,Shqiponja Ahmetaj
https://dhwiki.wikibase.cloud/entity/Q259,https://dhwiki.wikibase.cloud/entity/statement/Q259-42C17788-0332-4A52-95D5-B727D7A312EB,Editor,5,Ángel,Alegre Marco,Ángel Alegre Marco,Ángel Alegre Marco,Ángel Alegre Marco,Ángel Alegre Marco
https://dhwiki.wikibase.cloud/entity/Q563,https://dhwiki.wikibase.cloud/entity/statement/Q563-A4B19602-132C-4418-B717-0E5492579F06,Editor,2,Jon,Alkorta,Jon Alkorta,Jon Alkorta,Jon Alkorta,Jon Alkorta
https://dhwiki.wikibase.cloud/entity/Q446,https://dhwiki.wikibase.cloud/entity/statement/Q446-C118163E-4E8A-46E1-893A-118DD01D9169,Author,2,Mikel,Alonso,Mikel Alonso,Mikel Alonso,Mikel Alonso,Mikel Alonso
https://dhwiki.wikibase.cloud/entity/Q563,https://dhwiki.wikibase.cloud/entity/statement/Q563-4938FE54-7189-42D3-9EB3-5A15831120ED,Editor,1,Begoña,Altuna,Begoña Altuna,Begoña Altuna,Begoña Altuna,Begoña Altuna
https://dhwiki.wikibase.cloud/entity/Q550,https://dhwiki.wikibase.cloud/entity/statement/Q550-8FF9EE80-67A8-41A7-A708-612F5A4FE3C9,Editor,1,Daniel,Alves,Daniel Alves,Daniel Alves,Daniel Alves,Daniel Alves
https://dhwiki.wikibase.cloud/entity/Q573,https://dhwiki.wikibase.cloud/entity/statement/Q573-3625BD3F-92E4-44A9-B069-2A80A965425E,Author,4,Sarah,Ames,Sarah Ames,Sarah Ames,Sarah Ames,Sarah Ames
https://dhwiki.wikibase.cloud/entity/Q270,https://dhwiki.wikibase.cloud/entity/statement/Q270-AAB78F81-A47C-4C1D-A49A-893E505E65F8,Author,5,Sarah,Ames,Sarah Ames,Sarah Ames,Sarah Ames,Sarah Ames
https://dhwiki.wikibase.cloud/entity/Q482,https://dhwiki.wikibase.cloud/entity/statement/Q482-74793695-3348-4704-8796-6FE6FBA489C7,Editor,1,Apostolos,Antonacopoulos,Apostolos Antonacopoulos,Apostolos Antonacopoulos,Apostolos Antonacopoulos,Apostolos Antonacopoulos
https://dhwiki.wikibase.cloud/entity/Q557,https://dhwiki.wikibase.cloud/entity/statement/Q557-6BEFC8C1-B99F-4857-98A9-2956243BAB9A,Author,2,Elena-Simona,Apostol,Elena-Simona Apostol,Elena-Simona Apostol,Elena-Simona Apostol,Elena-Simona Apostol
https://dhwiki.wikibase.cloud/entity/Q563,https://dhwiki.wikibase.cloud/entity/statement/Q563-B8966746-21B8-44F0-9B7E-C817F48C428B,Editor,3,Xabier,Arregi,Xabier Arregi,Xabier Arregi,Xabier Arregi,Xabier Arregi
https://dhwiki.wikibase.cloud/entity/Q532,https://dhwiki.wikibase.cloud/entity/statement/Q532-FC074117-A825-4847-B49B-46A3042FF810,Author,1,Kutz,Arrieta,Kutz Arrieta,Kutz Arrieta,Kutz Arrieta,Kutz Arrieta
https://dhwiki.wikibase.cloud/entity/Q563,https://dhwiki.wikibase.cloud/entity/statement/Q563-DEDC7760-673C-494B-8B09-8F80F6EF2F75,Editor,4,Jose Mari,Arriola,Jose Mari Arriola,Jose Mari Arriola,Jose Mari Arriola,Jose Mari Arriola
https://dhwiki.wikibase.cloud/entity/Q563,https://dhwiki.wikibase.cloud/entity/statement/Q563-A8DD0557-D92E-4742-8AFD-10EDC42E1B8C,Author,1,Aitzol,Astigarraga,Aitzol Astigarraga,Aitzol Astigarraga,Aitzol Astigarraga,Aitzol Astigarraga
https://dhwiki.wikibase.cloud/entity/Q262,https://dhwiki.wikibase.cloud/entity/statement/Q262-895E121F-A243-4AAF-BA36-9199875DDC4A,Author,1,Avgoustinos,Avgousti,Avgoustinos Avgousti,Avgoustinos Avgousti,Avgoustinos Avgousti,Avgoustinos Avgousti
https://dhwiki.wikibase.cloud/entity/Q578,https://dhwiki.wikibase.cloud/entity/statement/Q578-DC1F62A8-59CE-41D6-9A58-D66E05BCAE40,Author,1,Soo,Bae,Soo Bae,Soo Bae,Soo Bae,Soo Bae
https://dhwiki.wikibase.cloud/entity/Q556,https://dhwiki.wikibase.cloud/entity/statement/Q556-C648195A-E646-44C6-B429-B7B2049CE80B,Author,2,James P,Balhoff,James P Balhoff,James P Balhoff,James P Balhoff,James P Balhoff
https://dhwiki.wikibase.cloud/entity/Q271,https://dhwiki.wikibase.cloud/entity/statement/Q271-5B08BDA1-3B86-4A94-94A0-98234747C91A,Author,1,Chryssoula,Bekiari,Chryssoula Bekiari,Chryssoula Bekiari,Chryssoula Bekiari,Chryssoula Bekiari
https://dhwiki.wikibase.cloud/entity/Q556,https://dhwiki.wikibase.cloud/entity/statement/Q556-445B76BF-EE41-4668-8AB7-11B74CAFBFB4,Author,3,Susan M,Bello,Susan M Bello,Susan M Bello,Susan M Bello,Susan M Bello
https://dhwiki.wikibase.cloud/entity/Q541,https://dhwiki.wikibase.cloud/entity/statement/Q541-3762FDC1-A727-4ED7-8258-0C7791E14B5A,Author,2,Anne-Kathrin,Berg,Anne-Kathrin Berg,Anne-Kathrin Berg,Anne-Kathrin Berg,Anne-Kathrin Berg
https://dhwiki.wikibase.cloud/entity/Q561,https://dhwiki.wikibase.cloud/entity/statement/Q561-7BCF9E4F-3AA1-4358-87F0-162913C3BE90,Author,1,Giovanni,Bergamin,Giovanni Bergamin,Giovanni Bergamin,Giovanni Bergamin,Giovanni Bergamin
https://dhwiki.wikibase.cloud/entity/Q268,https://dhwiki.wikibase.cloud/entity/statement/Q268-C0AAD10D-3543-4573-A47E-07F38B637A79,Author,2,Andreas,Berger,Andreas Berger,Andreas Berger,Andreas Berger,Andreas Berger
https://dhwiki.wikibase.cloud/entity/Q243,https://dhwiki.wikibase.cloud/entity/statement/Q243-18C866C5-A592-435F-BB2B-ED490BC55361,Editor,3,Abraham,Bernstein,Abraham Bernstein,Abraham Bernstein,Abraham Bernstein,Abraham Bernstein
https://dhwiki.wikibase.cloud/entity/Q533,https://dhwiki.wikibase.cloud/entity/statement/Q533-6FF86D9D-21F6-4259-94E3-FC092E84C69C,Author,1,Carlo,Bianchini,Carlo Bianchini,Carlo Bianchini,Carlo Bianchini,Carlo Bianchini
https://dhwiki.wikibase.cloud/entity/Q247,https://dhwiki.wikibase.cloud/entity/statement/Q247-7DA2E5B1-3A51-400D-9789-FF3A812452AB,Author,3,Marije,Bidaguren,Marije Bidaguren,Marije Bidaguren,Marije Bidaguren,Marije Bidaguren
https://dhwiki.wikibase.cloud/entity/Q563,https://dhwiki.wikibase.cloud/entity/statement/Q563-0C736F66-908E-46F0-AC3C-9AD1C5B1F19A,Author,3,Marije,Bidaguren,Marije Bidaguren,Marije Bidaguren,Marije Bidaguren,Marije Bidaguren
https://dhwiki.wikibase.cloud/entity/Q556,https://dhwiki.wikibase.cloud/entity/statement/Q556-6C16C2C3-2F27-45E5-8B31-48E2E158850E,Author,4,Chris,Bizon,Chris Bizon,Chris Bizon,Chris Bizon,Chris Bizon
https://dhwiki.wikibase.cloud/entity/Q217,https://dhwiki.wikibase.cloud/entity/statement/Q217-A04A9C83-81DD-408C-A2FD-B9D56CEA30EE,Editor,3,Philippe,Blache,Philippe Blache,Philippe Blache,Philippe Blache,Philippe Blache
https://dhwiki.wikibase.cloud/entity/Q582,https://dhwiki.wikibase.cloud/entity/statement/Q582-AC0DC10A-47C9-41DC-BE07-06DC4B198B99,Author,1,Michelle,Boon,Michelle Boon,Michelle Boon,Michelle Boon,Michelle Boon
https://dhwiki.wikibase.cloud/entity/Q272,https://dhwiki.wikibase.cloud/entity/statement/Q272-EEC0FAB8-AB20-4B88-B2D2-307DB80E9E00,Author,1,Lina,Bountouri,Lina Bountouri,Lina Bountouri,Lina Bountouri,Lina Bountouri
https://dhwiki.wikibase.cloud/entity/Q254,https://dhwiki.wikibase.cloud/entity/statement/Q254-1FC1CA14-73FB-4E10-B45A-A44203853A3E,Author,1,Lina,Bountouri,Lina Bountouri,Lina Bountouri,Lina Bountouri,Lina Bountouri
https://dhwiki.wikibase.cloud/entity/Q264,https://dhwiki.wikibase.cloud/entity/statement/Q264-65051153-4694-4661-BAF0-4231D4E4A070,Author,4,Lina,Bountouri,Lina Bountouri,Lina Bountouri,Lina Bountouri,Lina Bountouri
https://dhwiki.wikibase.cloud/entity/Q266,https://dhwiki.wikibase.cloud/entity/statement/Q266-5213BB57-2A3F-46FF-B531-DBCC456EB603,Author,1,Lina,Bountouri,Lina Bountouri,Lina Bountouri,Lina Bountouri,Lina Bountouri
https://dhwiki.wikibase.cloud/entity/Q283,https://dhwiki.wikibase.cloud/entity/statement/Q283-CC7A6E2A-5AAB-4428-B218-E5A83EEB8F6F,Author,2,Lina,Bountouri,Lina Bountouri,Lina Bountouri,Lina Bountouri,Lina Bountouri
https://dhwiki.wikibase.cloud/entity/Q566,https://dhwiki.wikibase.cloud/entity/statement/Q566-17F8DEE3-A8F5-4C9F-9C1C-7C8A3608A5FC,Author,5,Charalampos,Bratsas,Charalampos Bratsas,Charalampos Bratsas,Charalampos Bratsas,Charalampos Bratsas
https://dhwiki.wikibase.cloud/entity/Q575,https://dhwiki.wikibase.cloud/entity/statement/Q575-BD67DA82-7A4A-4174-8F0F-376618470233,Author,1,Daan,Broeder,Daan Broeder,Daan Broeder,Daan Broeder,Daan Broeder
https://dhwiki.wikibase.cloud/entity/Q543,https://dhwiki.wikibase.cloud/entity/statement/Q543-03F7C130-89FB-44E0-B43C-3404126AB867,Author,2,Jed R.,Brubaker,Jed R. Brubaker,Jed R. Brubaker,Jed R. Brubaker,Jed R. Brubaker
https://dhwiki.wikibase.cloud/entity/Q556,https://dhwiki.wikibase.cloud/entity/statement/Q556-9DCF0B24-FD65-4847-B8EC-56671FF4A2B4,Author,5,Matthew,Brush,Matthew Brush,Matthew Brush,Matthew Brush,Matthew Brush
https://dhwiki.wikibase.cloud/entity/Q545,https://dhwiki.wikibase.cloud/entity/statement/Q545-F4EBF2E5-FE6F-4CB9-B63A-069DD20C8F29,Author,3,Lucille Frances,Brys,Lucille Frances Brys,Lucille Frances Brys,Lucille Frances Brys,Lucille Frances Brys
https://dhwiki.wikibase.cloud/entity/Q575,https://dhwiki.wikibase.cloud/entity/statement/Q575-27F40FE5-BC1D-4E40-8CD7-E2E6323FB219,Author,2,Paolo,Budroni,Paolo Budroni,Paolo Budroni,Paolo Budroni,Paolo Budroni
https://dhwiki.wikibase.cloud/entity/Q217,https://dhwiki.wikibase.cloud/entity/statement/Q217-DC919422-7A45-4198-8F8F-E8205455E7DD,Editor,2,Frédéric,Béchet,Frédéric Béchet,Frédéric Béchet,Frédéric Béchet,Frédéric Béchet
https://dhwiki.wikibase.cloud/entity/Q556,https://dhwiki.wikibase.cloud/entity/statement/Q556-06DEE577-1728-478E-95E5-81FCA8B1A329,Author,6,Tiffany J,Callahan,Tiffany J Callahan,Tiffany J Callahan,Tiffany J Callahan,Tiffany J Callahan
https://dhwiki.wikibase.cloud/entity/Q217,https://dhwiki.wikibase.cloud/entity/statement/Q217-6DE41AB2-F872-4521-A900-2B06CA54E685,Editor,1,Nicoletta,Calzolari,Nicoletta Calzolari,Nicoletta Calzolari,Nicoletta Calzolari,Nicoletta Calzolari
https://dhwiki.wikibase.cloud/entity/Q573,https://dhwiki.wikibase.cloud/entity/statement/Q573-377C366A-7F5B-4A7C-93CD-6B1520A7EB1C,Author,6,Gustavo,Candela,Gustavo Candela,Gustavo Candela,Gustavo Candela,Gustavo Candela
https://dhwiki.wikibase.cloud/entity/Q286,https://dhwiki.wikibase.cloud/entity/statement/Q286-E63973D3-6021-4753-9001-277BDFE47EF8,Author,2,Michael,Carroll,Michael Carroll,Michael Carroll,Michael Carroll,Michael Carroll
https://dhwiki.wikibase.cloud/entity/Q572,https://dhwiki.wikibase.cloud/entity/statement/Q572-A61DF089-3223-4BC4-9350-D96AB9780256,Author,1,Elena,Cencetti,Elena Cencetti,Elena Cencetti,Elena Cencetti,Elena Cencetti
https://dhwiki.wikibase.cloud/entity/Q573,https://dhwiki.wikibase.cloud/entity/statement/Q573-8151D5E3-D2E7-49C1-A567-9CA8279277CB,Author,3,Sally,Chambers,Sally Chambers,Sally Chambers,Sally Chambers,Sally Chambers
https://dhwiki.wikibase.cloud/entity/Q271,https://dhwiki.wikibase.cloud/entity/statement/Q271-1B5E6B44-CD42-4438-93F5-E69ECB94DFF4,Author,2,Leda,Charami,Leda Charami,Leda Charami,Leda Charami,Leda Charami
https://dhwiki.wikibase.cloud/entity/Q528,https://dhwiki.wikibase.cloud/entity/statement/Q528-002107BB-8296-4D65-B6C9-FD09A2885E6A,Author,3,Anne,Chen,Anne Chen,Anne Chen,Anne Chen,Anne Chen
https://dhwiki.wikibase.cloud/entity/Q574,https://dhwiki.wikibase.cloud/entity/statement/Q574-121F5DEC-172C-4E6F-A974-F8BA1851DB99,Author,1,Christian,Chiarcos,Christian Chiarcos,Christian Chiarcos,Christian Chiarcos,Christian Chiarcos
https://dhwiki.wikibase.cloud/entity/Q557,https://dhwiki.wikibase.cloud/entity/statement/Q557-7C38B555-DD0E-4DF2-B814-C426D3DC1CF0,Author,1,Christian,Chiarcos,Christian Chiarcos,Christian Chiarcos,Christian Chiarcos,Christian Chiarcos
https://dhwiki.wikibase.cloud/entity/Q556,https://dhwiki.wikibase.cloud/entity/statement/Q556-CFB21D43-4A62-4B97-AC96-7143A9DCE53A,Author,7,Christopher G,Chute,Christopher G Chute,Christopher G Chute,Christopher G Chute,Christopher G Chute
https://dhwiki.wikibase.cloud/entity/Q524,https://dhwiki.wikibase.cloud/entity/statement/Q524-D509B43F-4EA1-4BA2-92A8-AA4FBEE12CFA,Author,2,David,Cillessen,David Cillessen,David Cillessen,David Cillessen,David Cillessen
https://dhwiki.wikibase.cloud/entity/Q568,https://dhwiki.wikibase.cloud/entity/statement/Q568-D107FE3A-EA38-4CE8-87E3-7629FB1A5612,Author,4,Philipp,Cimiano,Philipp Cimiano,Philipp Cimiano,Philipp Cimiano,Philipp Cimiano
https://dhwiki.wikibase.cloud/entity/Q282,https://dhwiki.wikibase.cloud/entity/statement/Q282-BBDCEBED-486A-4DBB-BDC9-67C27F5D7F18,Author,3,Euan,Cochrane,Euan Cochrane,Euan Cochrane,Euan Cochrane,Euan Cochrane
https://dhwiki.wikibase.cloud/entity/Q560,https://dhwiki.wikibase.cloud/entity/statement/Q560-DFCC2BB0-1A41-42CF-B08C-1814C22B240B,Author,2,L. P.,Coladangelo,L. P. Coladangelo,L. P. Coladangelo,L. P. Coladangelo,L. P. Coladangelo
https://dhwiki.wikibase.cloud/entity/Q565,https://dhwiki.wikibase.cloud/entity/statement/Q565-C18CB23B-22CB-4057-B233-900C19801F43,Author,1,L. P.,Coladangelo,L. P. Coladangelo,L. P. Coladangelo,L. P. Coladangelo,L. P. Coladangelo
https://dhwiki.wikibase.cloud/entity/Q260,https://dhwiki.wikibase.cloud/entity/statement/Q260-347C550C-E4B7-42DC-A3FB-8FB39AB7E9C6,Author,2,Jean-Marc,Comment,Jean-Marc Comment,Jean-Marc Comment,Jean-Marc Comment,Jean-Marc Comment
https://dhwiki.wikibase.cloud/entity/Q255,https://dhwiki.wikibase.cloud/entity/statement/Q255-B654DE24-67F8-414D-90F5-8DE2EE80AE29,Author,1,Stacey,Cook,Stacey Cook,Stacey Cook,Stacey Cook,Stacey Cook
https://dhwiki.wikibase.cloud/entity/Q568,https://dhwiki.wikibase.cloud/entity/statement/Q568-B8A50B0B-76E1-47A0-8E98-DAF90AB94A4A,Editor,5,Philippe,Cudré-Mauroux,Philippe Cudré-Mauroux,Philippe Cudré-Mauroux,Philippe Cudré-Mauroux,Philippe Cudré-Mauroux
https://dhwiki.wikibase.cloud/entity/Q482,https://dhwiki.wikibase.cloud/entity/statement/Q482-8E637750-5D64-4804-9596-327D78D99E17,Author,2,Mirjam,Cuper,Mirjam Cuper,Mirjam Cuper,Mirjam Cuper,Mirjam Cuper
https://dhwiki.wikibase.cloud/entity/Q546,https://dhwiki.wikibase.cloud/entity/statement/Q546-67522E69-2049-4058-ABB0-C7DBCC3E951A,Editor,4,Victor,De Boer,Victor De Boer,Victor De Boer,Victor De Boer,Victor De Boer
https://dhwiki.wikibase.cloud/entity/Q526,https://dhwiki.wikibase.cloud/entity/statement/Q526-43CF890D-DD00-45BC-ADE9-E849A1D62296,Author,2,Jairo Francisco,De Souza,Jairo Francisco De Souza,Jairo Francisco De Souza,Jairo Francisco De Souza,Jairo Francisco De Souza
https://dhwiki.wikibase.cloud/entity/Q574,https://dhwiki.wikibase.cloud/entity/statement/Q574-3DC40F61-F613-4ABD-9427-E47D3EAB9692,Author,7,Thierry,Declerck,Thierry Declerck,Thierry Declerck,Thierry Declerck,Thierry Declerck
https://dhwiki.wikibase.cloud/entity/Q575,https://dhwiki.wikibase.cloud/entity/statement/Q575-75CF6E82-C529-4D94-936F-7D58ADF67E01,Author,3,Emiliano,Degl'Innocenti,Emiliano Degl'Innocenti,Emiliano Degl'Innocenti,Emiliano Degl'Innocenti,Emiliano Degl'Innocenti
https://dhwiki.wikibase.cloud/entity/Q541,https://dhwiki.wikibase.cloud/entity/statement/Q541-D98A47C9-E4AE-466A-B535-FFAB4994BDF7,Editor,1,Silvana,Deilen,Silvana Deilen,Silvana Deilen,Silvana Deilen,Silvana Deilen
https://dhwiki.wikibase.cloud/entity/Q247,https://dhwiki.wikibase.cloud/entity/statement/Q247-BBD28D58-5CEA-437F-89E6-3082837CAEEB,Author,4,Emilio,Delgado,Emilio Delgado,Emilio Delgado,Emilio Delgado,Emilio Delgado
https://dhwiki.wikibase.cloud/entity/Q574,https://dhwiki.wikibase.cloud/entity/statement/Q574-01C8A43D-D0EF-471F-81C6-A3C86B07A3C7,Author,4,Katrien,Depuydt,Katrien Depuydt,Katrien Depuydt,Katrien Depuydt,Katrien Depuydt
https://dhwiki.wikibase.cloud/entity/Q208,https://dhwiki.wikibase.cloud/entity/statement/Q208-EF69B692-8933-48EB-92DB-DAEA8252AAD0,Author,5,Karen,Detling,Karen Detling,Karen Detling,Karen Detling,Karen Detling
https://dhwiki.wikibase.cloud/entity/Q525,https://dhwiki.wikibase.cloud/entity/statement/Q525-23FE4DE6-F7AB-4C7C-952F-5B07FDB6AC6B,Author,2,Corina,Dima,Corina Dima,Corina Dima,Corina Dima,Corina Dima
https://dhwiki.wikibase.cloud/entity/Q573,https://dhwiki.wikibase.cloud/entity/statement/Q573-8C18FE3E-99AC-4C48-926F-E9BC6A308CCB,Author,1,Meltem,Dişli,Meltem Dişli,Meltem Dişli,Meltem Dişli,Meltem Dişli
https://dhwiki.wikibase.cloud/entity/Q576,https://dhwiki.wikibase.cloud/entity/statement/Q576-41A928A8-744F-4FA4-9ACA-1B364058D480,Author,1,Daniil,Dobriy,Daniil Dobriy,Daniil Dobriy,Daniil Dobriy,Daniil Dobriy
https://dhwiki.wikibase.cloud/entity/Q577,https://dhwiki.wikibase.cloud/entity/statement/Q577-04C375B5-1D44-4735-B741-87FC1FD4BD6C,Author,1,Daniil,Dobriy,Daniil Dobriy,Daniil Dobriy,Daniil Dobriy,Daniil Dobriy
https://dhwiki.wikibase.cloud/entity/Q215,https://dhwiki.wikibase.cloud/entity/statement/Q215-733593C7-2972-466E-8F42-F4355AA7A4DC,Author,1,Kata,Dobás,Kata Dobás,Kata Dobás,Kata Dobás,Kata Dobás
https://dhwiki.wikibase.cloud/entity/Q567,https://dhwiki.wikibase.cloud/entity/statement/Q567-BCDD2095-1F21-42EE-804E-587B7C6CCD0E,Author,4,Calista,Donohoe,Calista Donohoe,Calista Donohoe,Calista Donohoe,Calista Donohoe
https://dhwiki.wikibase.cloud/entity/Q266,https://dhwiki.wikibase.cloud/entity/statement/Q266-26D55FB4-444C-44B9-82A3-1CCD301B055A,Author,3,Markella,Drakiou,Markella Drakiou,Markella Drakiou,Markella Drakiou,Markella Drakiou
https://dhwiki.wikibase.cloud/entity/Q556,https://dhwiki.wikibase.cloud/entity/statement/Q556-A6FC687D-632C-477A-A859-ABA3B4913ADD,Author,8,William D,Duncan,William D Duncan,William D Duncan,William D Duncan,William D Duncan
https://dhwiki.wikibase.cloud/entity/Q542,https://dhwiki.wikibase.cloud/entity/statement/Q542-E6A4FDBE-F9F7-48C7-9F05-E2D2839B1C7B,Author,2,Judith,Eckle-Kohler,Judith Eckle-Kohler,Judith Eckle-Kohler,Judith Eckle-Kohler,Judith Eckle-Kohler
https://dhwiki.wikibase.cloud/entity/Q549,https://dhwiki.wikibase.cloud/entity/statement/Q549-8FF1C3C4-B506-4580-A77E-903FEE5F1487,Author,2,Andrew,Eells,Andrew Eells,Andrew Eells,Andrew Eells,Andrew Eells
https://dhwiki.wikibase.cloud/entity/Q560,https://dhwiki.wikibase.cloud/entity/statement/Q560-E77AB178-A70B-4AD8-98A8-1CFA0F351416,Author,4,Doug,Emery,Doug Emery,Doug Emery,Doug Emery,Doug Emery
https://dhwiki.wikibase.cloud/entity/Q211,https://dhwiki.wikibase.cloud/entity/statement/Q211-ECD7B3DE-B76D-4ECA-82B2-12784B173A8E,Author,3,MPilar,Escobar Esteban,MPilar Escobar Esteban,MPilar Escobar Esteban,MPilar Escobar Esteban,MPilar Escobar Esteban
https://dhwiki.wikibase.cloud/entity/Q563,https://dhwiki.wikibase.cloud/entity/statement/Q563-283F84B0-1989-443A-8281-4FC21CC1DF48,Editor,5,Ainara,Estarrona,Ainara Estarrona,Ainara Estarrona,Ainara Estarrona,Ainara Estarrona
https://dhwiki.wikibase.cloud/entity/Q556,https://dhwiki.wikibase.cloud/entity/statement/Q556-8C69355C-0E5B-42D6-8C9F-EB2B62B328C9,Author,9,Chris T,Evelo,Chris T Evelo,Chris T Evelo,Chris T Evelo,Chris T Evelo
https://dhwiki.wikibase.cloud/entity/Q559,https://dhwiki.wikibase.cloud/entity/statement/Q559-252D42A6-5052-4270-ABF8-AE85761B976B,Author,1,Natalia,Fantetti,Natalia Fantetti,Natalia Fantetti,Natalia Fantetti,Natalia Fantetti
https://dhwiki.wikibase.cloud/entity/Q230,https://dhwiki.wikibase.cloud/entity/statement/Q230-F78055B2-BC4D-4168-95F1-FA7BA4ECFF9F,Editor,6,Aritz,Farwell,Aritz Farwell,Aritz Farwell,Aritz Farwell,Aritz Farwell
https://dhwiki.wikibase.cloud/entity/Q563,https://dhwiki.wikibase.cloud/entity/statement/Q563-7F8EF9F5-C1A0-41B2-A932-BD398B5929D5,Editor,6,Aritz,Farwell,Aritz Farwell,Aritz Farwell,Aritz Farwell,Aritz Farwell
https://dhwiki.wikibase.cloud/entity/Q215,https://dhwiki.wikibase.cloud/entity/statement/Q215-A280C13D-7EB1-48E2-9952-1211C782F9ED,Author,2,Zsófia,Fellegi,Zsófia Fellegi,Zsófia Fellegi,Zsófia Fellegi,Zsófia Fellegi
https://dhwiki.wikibase.cloud/entity/Q230,https://dhwiki.wikibase.cloud/entity/statement/Q230-89E0C66A-8B49-43A0-BFCE-01552F7D60EF,Editor,7,Joseba,Fernandez de Landa,Joseba Fernandez de Landa,Joseba Fernandez de Landa,Joseba Fernandez de Landa,Joseba Fernandez de Landa
https://dhwiki.wikibase.cloud/entity/Q563,https://dhwiki.wikibase.cloud/entity/statement/Q563-F1106A43-5F1A-4B87-A7A8-0E15CE8D61E9,Editor,7,Joseba,Fernandez de Landa,Joseba Fernandez de Landa,Joseba Fernandez de Landa,Joseba Fernandez de Landa,Joseba Fernandez de Landa
https://dhwiki.wikibase.cloud/entity/Q526,https://dhwiki.wikibase.cloud/entity/statement/Q526-2BBBDB6A-A050-4ABE-98B5-DC697F6D041C,Author,1,Nicolas,Ferranti,Nicolas Ferranti,Nicolas Ferranti,Nicolas Ferranti,Nicolas Ferranti
https://dhwiki.wikibase.cloud/entity/Q532,https://dhwiki.wikibase.cloud/entity/statement/Q532-C0BC584E-F6A7-4CE0-A508-ABF72CE9C165,Author,2,Pablo R.,Fillottrani,Pablo R. Fillottrani,Pablo R. Fillottrani,Pablo R. Fillottrani,Pablo R. Fillottrani
https://dhwiki.wikibase.cloud/entity/Q568,https://dhwiki.wikibase.cloud/entity/statement/Q568-3F7A67E6-2085-4B32-8124-6C191B890F98,Author,1,Manuel,Fiorelli,Manuel Fiorelli,Manuel Fiorelli,Manuel Fiorelli,Manuel Fiorelli
https://dhwiki.wikibase.cloud/entity/Q549,https://dhwiki.wikibase.cloud/entity/statement/Q549-E3895D00-F0FF-4E12-8938-4A3F3FF2D131,Author,7,Catherine,Foley,Catherine Foley,Catherine Foley,Catherine Foley,Catherine Foley
https://dhwiki.wikibase.cloud/entity/Q556,https://dhwiki.wikibase.cloud/entity/statement/Q556-CBEBA55F-7F06-49AC-A514-D01741E1BF77,Author,10,Davera,Gabriel,Davera Gabriel,Davera Gabriel,Davera Gabriel,Davera Gabriel
https://dhwiki.wikibase.cloud/entity/Q573,https://dhwiki.wikibase.cloud/entity/statement/Q573-58A77E6A-3596-4E70-BF46-4BAACEDBA93F,Author,2,Nele,Gabriëls,Nele Gabriëls,Nele Gabriëls,Nele Gabriëls,Nele Gabriëls
https://dhwiki.wikibase.cloud/entity/Q568,https://dhwiki.wikibase.cloud/entity/statement/Q568-78A760C2-DC5F-46FD-88D0-BC45DEA98B22,Editor,1,Fabien,Gandon,Fabien Gandon,Fabien Gandon,Fabien Gandon,Fabien Gandon
https://dhwiki.wikibase.cloud/entity/Q541,https://dhwiki.wikibase.cloud/entity/statement/Q541-9E1A985B-3BAE-4A35-8D7E-73D1EC38EC9F,Editor,3,Sergio Hernández,Garrido,Sergio Hernández Garrido,Sergio Hernández Garrido,Sergio Hernández Garrido,Sergio Hernández Garrido
https://dhwiki.wikibase.cloud/entity/Q271,https://dhwiki.wikibase.cloud/entity/statement/Q271-C9584598-D93C-4EFA-85A9-D8A80B825CFC,Author,4,Christos,Georgis,Christos Georgis,Christos Georgis,Christos Georgis,Christos Georgis
https://dhwiki.wikibase.cloud/entity/Q254,https://dhwiki.wikibase.cloud/entity/statement/Q254-82F712E5-ED81-4B23-A4E0-D354E6111C31,Author,2,Manolis,Gergatsoulis,Manolis Gergatsoulis,Manolis Gergatsoulis,Manolis Gergatsoulis,Manolis Gergatsoulis
https://dhwiki.wikibase.cloud/entity/Q264,https://dhwiki.wikibase.cloud/entity/statement/Q264-8CA7AF98-AFCB-4AC8-A03D-40EE5B6528BD,Author,2,Manolis,Gergatsoulis,Manolis Gergatsoulis,Manolis Gergatsoulis,Manolis Gergatsoulis,Manolis Gergatsoulis
https://dhwiki.wikibase.cloud/entity/Q266,https://dhwiki.wikibase.cloud/entity/statement/Q266-D8B7DAA9-F1ED-4C5A-9DD7-1256D3BB86E6,Author,4,Manolis,Gergatsoulis,Manolis Gergatsoulis,Manolis Gergatsoulis,Manolis Gergatsoulis,Manolis Gergatsoulis
https://dhwiki.wikibase.cloud/entity/Q283,https://dhwiki.wikibase.cloud/entity/statement/Q283-3FF29B9E-8BD6-4AC9-B82A-3AAFDF0F8096,Author,3,Manolis,Gergatsoulis,Manolis Gergatsoulis,Manolis Gergatsoulis,Manolis Gergatsoulis,Manolis Gergatsoulis
https://dhwiki.wikibase.cloud/entity/Q566,https://dhwiki.wikibase.cloud/entity/statement/Q566-1B7B35BB-312E-410C-9021-1DB3A6BD17B9,Author,3,Michalis,Gerolimos,Michalis Gerolimos,Michalis Gerolimos,Michalis Gerolimos,Michalis Gerolimos
https://dhwiki.wikibase.cloud/entity/Q208,https://dhwiki.wikibase.cloud/entity/statement/Q208-BF80638C-C5F7-4EE2-83FD-74E06E662175,Author,1,Jean,Godby,Jean Godby,Jean Godby,Jean Godby,Jean Godby
https://dhwiki.wikibase.cloud/entity/Q563,https://dhwiki.wikibase.cloud/entity/statement/Q563-996D0A44-7AA8-4355-9B29-666AC1EB79A7,Editor,8,Xabier,Goenaga,Xabier Goenaga,Xabier Goenaga,Xabier Goenaga,Xabier Goenaga
https://dhwiki.wikibase.cloud/entity/Q217,https://dhwiki.wikibase.cloud/entity/statement/Q217-DAF5B46F-F829-484E-8FD8-D55C3B3582A7,Editor,7,Sara,Goggi,Sara Goggi,Sara Goggi,Sara Goggi,Sara Goggi
https://dhwiki.wikibase.cloud/entity/Q549,https://dhwiki.wikibase.cloud/entity/statement/Q549-875B4BA2-0CC1-4804-AD72-10410A929FDB,Author,3,Seila,Gonzalez,Seila Gonzalez,Seila Gonzalez,Seila Gonzalez,Seila Gonzalez
https://dhwiki.wikibase.cloud/entity/Q237,https://dhwiki.wikibase.cloud/entity/statement/Q237-D6EDD90F-027D-4E46-906F-8D1C8E021874,Author,3,Larry,González,Larry González,Larry González,Larry González,Larry González
https://dhwiki.wikibase.cloud/entity/Q259,https://dhwiki.wikibase.cloud/entity/statement/Q259-80C858DF-1B4D-4FE9-BF3D-4E2D4AA5E143,Editor,1,María Elvira,González Lezcano,María Elvira González Lezcano,María Elvira González Lezcano,María Elvira González Lezcano,María Elvira González Lezcano
https://dhwiki.wikibase.cloud/entity/Q574,https://dhwiki.wikibase.cloud/entity/statement/Q574-00175075-FAEF-4E15-B269-C3388780301B,Editor,4,Jorge,Gracia,Jorge Gracia,Jorge Gracia,Jorge Gracia,Jorge Gracia
https://dhwiki.wikibase.cloud/entity/Q556,https://dhwiki.wikibase.cloud/entity/statement/Q556-06CAF783-9129-4ACD-8B2A-631CF93EA060,Author,12,Alasdair,Gray,Alasdair Gray,Alasdair Gray,Alasdair Gray,Alasdair Gray
https://dhwiki.wikibase.cloud/entity/Q556,https://dhwiki.wikibase.cloud/entity/statement/Q556-7862572E-C398-4DC5-A66E-D7C6CBA5BAA2,Author,11,John,Graybeal,John Graybeal,John Graybeal,John Graybeal,John Graybeal
https://dhwiki.wikibase.cloud/entity/Q223,https://dhwiki.wikibase.cloud/entity/statement/Q223-1D466570-12D9-4DDA-9652-FE61F8277F03,Editor,4,Paul,Groth,Paul Groth,Paul Groth,Paul Groth,Paul Groth
https://dhwiki.wikibase.cloud/entity/Q243,https://dhwiki.wikibase.cloud/entity/statement/Q243-C09DC558-89A7-411A-AB5B-CDB6EBE18A74,Editor,7,Paul,Groth,Paul Groth,Paul Groth,Paul Groth,Paul Groth
https://dhwiki.wikibase.cloud/entity/Q542,https://dhwiki.wikibase.cloud/entity/statement/Q542-0A67EA47-D7E9-4FA8-BBE6-FB0A8B6BA64D,Author,1,Iryna,Gurevych,Iryna Gurevych,Iryna Gurevych,Iryna Gurevych,Iryna Gurevych
https://dhwiki.wikibase.cloud/entity/Q556,https://dhwiki.wikibase.cloud/entity/statement/Q556-637843D7-E096-41D7-B7BD-2E5D4579267F,Author,13,Benjamin M,Gyori,Benjamin M Gyori,Benjamin M Gyori,Benjamin M Gyori,Benjamin M Gyori
https://dhwiki.wikibase.cloud/entity/Q243,https://dhwiki.wikibase.cloud/entity/statement/Q243-3B969521-5C0C-4E60-886F-20B9ED7C4887,Author,2,Michael,Günther,Michael Günther,Michael Günther,Michael Günther,Michael Günther
https://dhwiki.wikibase.cloud/entity/Q556,https://dhwiki.wikibase.cloud/entity/statement/Q556-09BBE18A-13EF-42F1-9153-8D648A44CD72,Author,14,Melissa,Haendel,Melissa Haendel,Melissa Haendel,Melissa Haendel,Melissa Haendel
https://dhwiki.wikibase.cloud/entity/Q527,https://dhwiki.wikibase.cloud/entity/statement/Q527-CC590234-96BA-4514-8FBB-6D0EFB2384AD,Author,3,Helmi,Hamdi,Helmi Hamdi,Helmi Hamdi,Helmi Hamdi,Helmi Hamdi
https://dhwiki.wikibase.cloud/entity/Q546,https://dhwiki.wikibase.cloud/entity/statement/Q546-44D76344-15FC-4EB5-9773-320E83619DB7,Editor,8,Karl,Hammar,Karl Hammar,Karl Hammar,Karl Hammar,Karl Hammar
https://dhwiki.wikibase.cloud/entity/Q541,https://dhwiki.wikibase.cloud/entity/statement/Q541-715448C0-7A59-4D53-91E2-4F1AFE5864EB,Editor,2,Silvia,Hansen-Schirra,Silvia Hansen-Schirra,Silvia Hansen-Schirra,Silvia Hansen-Schirra,Silvia Hansen-Schirra
https://dhwiki.wikibase.cloud/entity/Q270,https://dhwiki.wikibase.cloud/entity/statement/Q270-D9D8A696-7B90-4F17-83EF-D1E9C10D0D56,Author,8,Victor,Harbo,Victor Harbo,Victor Harbo,Victor Harbo,Victor Harbo
https://dhwiki.wikibase.cloud/entity/Q556,https://dhwiki.wikibase.cloud/entity/statement/Q556-53735CE3-B249-4FF1-82AB-2FB632314E81,Author,15,Henriette,Harmse,Henriette Harmse,Henriette Harmse,Henriette Harmse,Henriette Harmse
https://dhwiki.wikibase.cloud/entity/Q556,https://dhwiki.wikibase.cloud/entity/statement/Q556-DFF39498-5FDE-403C-B6C0-772D78B31C7D,Author,16,Nomi L,Harris,Nomi L Harris,Nomi L Harris,Nomi L Harris,Nomi L Harris
https://dhwiki.wikibase.cloud/entity/Q556,https://dhwiki.wikibase.cloud/entity/statement/Q556-76DB55B5-3FAD-4779-A733-D42A68D9A020,Author,17,Ian,Harrow,Ian Harrow,Ian Harrow,Ian Harrow,Ian Harrow
https://dhwiki.wikibase.cloud/entity/Q546,https://dhwiki.wikibase.cloud/entity/statement/Q546-4282F108-9527-4D91-A3D0-D13BBD6ABE0F,Editor,3,Olaf,Hartig,Olaf Hartig,Olaf Hartig,Olaf Hartig,Olaf Hartig
https://dhwiki.wikibase.cloud/entity/Q556,https://dhwiki.wikibase.cloud/entity/statement/Q556-5A4D60CA-C880-4E53-8F6F-1E6FEB1633EC,Author,18,Harshad B,Hegde,Harshad B Hegde,Harshad B Hegde,Harshad B Hegde,Harshad B Hegde
https://dhwiki.wikibase.cloud/entity/Q549,https://dhwiki.wikibase.cloud/entity/statement/Q549-F17E1F52-55C7-41FA-A544-C8C792ABBFDE,Author,5,Pascal,Hitzler,Pascal Hitzler,Pascal Hitzler,Pascal Hitzler,Pascal Hitzler
https://dhwiki.wikibase.cloud/entity/Q546,https://dhwiki.wikibase.cloud/entity/statement/Q546-69746F50-02F4-41CD-9BD9-327311A2D8D8,Editor,1,Pascal,Hitzler,Pascal Hitzler,Pascal Hitzler,Pascal Hitzler,Pascal Hitzler
https://dhwiki.wikibase.cloud/entity/Q270,https://dhwiki.wikibase.cloud/entity/statement/Q270-904CBA7B-59CB-4667-A582-97889E5C66CD,Author,9,Katrine,Hofmann,Katrine Hofmann,Katrine Hofmann,Katrine Hofmann,Katrine Hofmann
https://dhwiki.wikibase.cloud/entity/Q270,https://dhwiki.wikibase.cloud/entity/statement/Q270-CB69BEA4-5EB0-40AE-84D8-2EB649EDEA76,Author,10,Olga,Holownia,Olga Holownia,Olga Holownia,Olga Holownia,Olga Holownia
https://dhwiki.wikibase.cloud/entity/Q482,https://dhwiki.wikibase.cloud/entity/statement/Q482-CC38B8A6-63A5-4073-8FF0-F585DCEA02F5,Author,3,Olga,Holownia,Olga Holownia,Olga Holownia,Olga Holownia,Olga Holownia
https://dhwiki.wikibase.cloud/entity/Q546,https://dhwiki.wikibase.cloud/entity/statement/Q546-12C9DFC9-C3A7-4B37-A962-4BD9B68C5E8D,Editor,11,Katja,Hose,Katja Hose,Katja Hose,Katja Hose,Katja Hose
https://dhwiki.wikibase.cloud/entity/Q556,https://dhwiki.wikibase.cloud/entity/statement/Q556-733443B9-3126-4661-AC27-621441E54FA8,Author,19,Amelia L,Hoyt,Amelia L Hoyt,Amelia L Hoyt,Amelia L Hoyt,Amelia L Hoyt
https://dhwiki.wikibase.cloud/entity/Q556,https://dhwiki.wikibase.cloud/entity/statement/Q556-4DEBABFA-925B-40D8-9BE8-26A2D427F8D8,Author,20,Charles T,Hoyt,Charles T Hoyt,Charles T Hoyt,Charles T Hoyt,Charles T Hoyt
https://dhwiki.wikibase.cloud/entity/Q575,https://dhwiki.wikibase.cloud/entity/statement/Q575-2004C7E1-D101-446D-BD23-CA865324A770,Author,5,Wim,Hugo,Wim Hugo,Wim Hugo,Wim Hugo,Wim Hugo
https://dhwiki.wikibase.cloud/entity/Q551,https://dhwiki.wikibase.cloud/entity/statement/Q551-F1B20102-453F-488A-AB16-918C8F9964C6,Author,1,Milica,Ikonić Nešić,Milica Ikonić Nešić,Milica Ikonić Nešić,Milica Ikonić Nešić,Milica Ikonić Nešić
https://dhwiki.wikibase.cloud/entity/Q566,https://dhwiki.wikibase.cloud/entity/statement/Q566-508C4765-D9B9-4000-8D98-A75E2F4413F8,Author,2,Lazaros,Ioannidis,Lazaros Ioannidis,Lazaros Ioannidis,Lazaros Ioannidis,Lazaros Ioannidis
https://dhwiki.wikibase.cloud/entity/Q574,https://dhwiki.wikibase.cloud/entity/statement/Q574-6A71EED5-F760-4202-BCE3-9BDF017AE4B8,Author,2,Maxim,Ionov,Maxim Ionov,Maxim Ionov,Maxim Ionov,Maxim Ionov
https://dhwiki.wikibase.cloud/entity/Q563,https://dhwiki.wikibase.cloud/entity/statement/Q563-71F2D5E3-7F9A-4EFE-B01C-73523130F8D4,Editor,9,Mikel,Iruskieta,Mikel Iruskieta,Mikel Iruskieta,Mikel Iruskieta,Mikel Iruskieta
https://dhwiki.wikibase.cloud/entity/Q224,https://dhwiki.wikibase.cloud/entity/statement/Q224-FB842EF2-D442-45A3-91FA-E177C9BFE93B,Author,5,Federicia,Iurescia,Federicia Iurescia,Federicia Iurescia,Federicia Iurescia,Federicia Iurescia
https://dhwiki.wikibase.cloud/entity/Q223,https://dhwiki.wikibase.cloud/entity/statement/Q223-185CEFC4-0F1D-4C20-9E9B-C16B52215131,Editor,10,Krzysztof,Janowicz,Krzysztof Janowicz,Krzysztof Janowicz,Krzysztof Janowicz,Krzysztof Janowicz
https://dhwiki.wikibase.cloud/entity/Q243,https://dhwiki.wikibase.cloud/entity/statement/Q243-225871EC-1AA0-4A10-B360-1CF995827A47,Editor,9,Krzysztof,Janowicz,Krzysztof Janowicz,Krzysztof Janowicz,Krzysztof Janowicz,Krzysztof Janowicz
https://dhwiki.wikibase.cloud/entity/Q537,https://dhwiki.wikibase.cloud/entity/statement/Q537-B90DAC4B-F8B2-4870-BA94-AACE60688C5A,Author,1,Linda,Jansová,Linda Jansová,Linda Jansová,Linda Jansová,Linda Jansová
https://dhwiki.wikibase.cloud/entity/Q575,https://dhwiki.wikibase.cloud/entity/statement/Q575-5BEE5462-27D8-4AB4-A0CE-FE7A745D2F0D,Author,6,Keith,Jeffery,Keith Jeffery,Keith Jeffery,Keith Jeffery,Keith Jeffery
https://dhwiki.wikibase.cloud/entity/Q556,https://dhwiki.wikibase.cloud/entity/statement/Q556-6F5EB6F0-E8DC-46B9-8623-E2B6502A126F,Author,21,Dazhi,Jiao,Dazhi Jiao,Dazhi Jiao,Dazhi Jiao,Dazhi Jiao
https://dhwiki.wikibase.cloud/entity/Q556,https://dhwiki.wikibase.cloud/entity/statement/Q556-E2886098-D231-41F0-A074-C549F00F6BE1,Author,22,Ernesto,Jiménez-Ruiz,Ernesto Jiménez-Ruiz,Ernesto Jiménez-Ruiz,Ernesto Jiménez-Ruiz,Ernesto Jiménez-Ruiz
https://dhwiki.wikibase.cloud/entity/Q556,https://dhwiki.wikibase.cloud/entity/statement/Q556-133B2860-69A1-4A56-9AB5-83BBC3ADA7D6,Author,23,Simon,Jupp,Simon Jupp,Simon Jupp,Simon Jupp,Simon Jupp
https://dhwiki.wikibase.cloud/entity/Q574,https://dhwiki.wikibase.cloud/entity/statement/Q574-8F5D00EB-384F-4609-A5C6-D9EB2196441D,Editor,6,Besim,Kabashi,Besim Kabashi,Besim Kabashi,Besim Kabashi,Besim Kabashi
https://dhwiki.wikibase.cloud/entity/Q557,https://dhwiki.wikibase.cloud/entity/statement/Q557-086B66D3-EC04-460A-A262-A5E9C3C9A887,Author,3,Besim,Kabashi,Besim Kabashi,Besim Kabashi,Besim Kabashi,Besim Kabashi
https://dhwiki.wikibase.cloud/entity/Q266,https://dhwiki.wikibase.cloud/entity/statement/Q266-6BE1A5FB-A245-441A-B4E1-E9D7E1430937,Author,5,Eleftherios,Kalogeros,Eleftherios Kalogeros,Eleftherios Kalogeros,Eleftherios Kalogeros,Eleftherios Kalogeros
https://dhwiki.wikibase.cloud/entity/Q567,https://dhwiki.wikibase.cloud/entity/statement/Q567-E9B04D31-DCB4-4207-B2B2-DA6C89C72174,Author,3,Ava,Kaplan,Ava Kaplan,Ava Kaplan,Ava Kaplan,Ava Kaplan
https://dhwiki.wikibase.cloud/entity/Q283,https://dhwiki.wikibase.cloud/entity/statement/Q283-173F08D0-B621-47C5-907B-532D20241018,Editor,3,Pythagoras,Karampiperis,Pythagoras Karampiperis,Pythagoras Karampiperis,Pythagoras Karampiperis,Pythagoras Karampiperis
https://dhwiki.wikibase.cloud/entity/Q532,https://dhwiki.wikibase.cloud/entity/statement/Q532-A991E3F0-19A6-43A5-891C-4E5E01C93130,Author,3,C. Maria,Keet,C. Maria Keet,C. Maria Keet,C. Maria Keet,C. Maria Keet
https://dhwiki.wikibase.cloud/entity/Q574,https://dhwiki.wikibase.cloud/entity/statement/Q574-F900F76D-0059-4CED-9FF6-C7D2D158B7EF,Editor,1,Ilan,Kernerman,Ilan Kernerman,Ilan Kernerman,Ilan Kernerman,Ilan Kernerman
https://dhwiki.wikibase.cloud/entity/Q574,https://dhwiki.wikibase.cloud/entity/statement/Q574-C7E5D9AC-EE91-4E24-BD5A-E363DFA07CF8,Author,5,Anas Fahad,Khan,Anas Fahad Khan,Anas Fahad Khan,Anas Fahad Khan,Anas Fahad Khan
https://dhwiki.wikibase.cloud/entity/Q556,https://dhwiki.wikibase.cloud/entity/statement/Q556-E79AF984-F77A-4AAA-872D-25DB6642E8C1,Author,24,Hyeongsik,Kim,Hyeongsik Kim,Hyeongsik Kim,Hyeongsik Kim,Hyeongsik Kim
https://dhwiki.wikibase.cloud/entity/Q546,https://dhwiki.wikibase.cloud/entity/statement/Q546-BA88EBFC-5BB0-4013-93D1-E5B2583AA33F,Editor,2,Sabrina,Kirrane,Sabrina Kirrane,Sabrina Kirrane,Sabrina Kirrane,Sabrina Kirrane
https://dhwiki.wikibase.cloud/entity/Q573,https://dhwiki.wikibase.cloud/entity/statement/Q573-3F662E94-E2A6-4557-B9F0-431FCACFB6F8,Author,5,Beth,Knazook,Beth Knazook,Beth Knazook,Beth Knazook,Beth Knazook
https://dhwiki.wikibase.cloud/entity/Q556,https://dhwiki.wikibase.cloud/entity/statement/Q556-A7965663-71CB-4C09-80B2-BF417BFFBCD0,Author,25,Sebastian,Koehler,Sebastian Koehler,Sebastian Koehler,Sebastian Koehler,Sebastian Koehler
https://dhwiki.wikibase.cloud/entity/Q560,https://dhwiki.wikibase.cloud/entity/statement/Q560-6FC5ADB5-3CA0-4DA3-9D0E-F4E5CC1506E5,Author,1,Mikko,Koho,Mikko Koho,Mikko Koho,Mikko Koho,Mikko Koho
https://dhwiki.wikibase.cloud/entity/Q569,https://dhwiki.wikibase.cloud/entity/statement/Q569-9ECD795E-837D-424E-A8FD-6B94282D66C8,Editor,1,Iztok,Kosem,Iztok Kosem,Iztok Kosem,Iztok Kosem,Iztok Kosem
https://dhwiki.wikibase.cloud/entity/Q566,https://dhwiki.wikibase.cloud/entity/statement/Q566-B33A4585-E04C-467B-AF6C-F61DFC70B8B3,Author,4,Eftychia,Koufakou,Eftychia Koufakou,Eftychia Koufakou,Eftychia Koufakou,Eftychia Koufakou
https://dhwiki.wikibase.cloud/entity/Q574,https://dhwiki.wikibase.cloud/entity/statement/Q574-F15D438F-F40E-4ECD-B231-A99E2434ED7C,Editor,2,Simon,Krek,Simon Krek,Simon Krek,Simon Krek,Simon Krek
https://dhwiki.wikibase.cloud/entity/Q220,https://dhwiki.wikibase.cloud/entity/statement/Q220-2B88F2F4-91C1-408F-88C6-A30FF396EF7D,Author,2,Penny,Labropoulou,Penny Labropoulou,Penny Labropoulou,Penny Labropoulou,Penny Labropoulou
https://dhwiki.wikibase.cloud/entity/Q222,https://dhwiki.wikibase.cloud/entity/statement/Q222-3D1E171F-1B5A-4D53-8FF2-19A90193200A,Author,1,Penny,Labropoulou,Penny Labropoulou,Penny Labropoulou,Penny Labropoulou,Penny Labropoulou
https://dhwiki.wikibase.cloud/entity/Q546,https://dhwiki.wikibase.cloud/entity/statement/Q546-6744D91D-918F-4DB1-9FE2-794EE9293A79,Editor,9,Nelia,Lasierra,Nelia Lasierra,Nelia Lasierra,Nelia Lasierra,Nelia Lasierra
https://dhwiki.wikibase.cloud/entity/Q575,https://dhwiki.wikibase.cloud/entity/statement/Q575-21F6DCAC-01DA-4BD9-8364-C2B408870B20,Author,4,Yann,Le Franc,Yann Le Franc,Yann Le Franc,Yann Le Franc,Yann Le Franc
https://dhwiki.wikibase.cloud/entity/Q223,https://dhwiki.wikibase.cloud/entity/statement/Q223-0A847528-1886-42A1-BBD2-B7861EE93E6C,Author,2,Jens,Lehmann,Jens Lehmann,Jens Lehmann,Jens Lehmann,Jens Lehmann
https://dhwiki.wikibase.cloud/entity/Q545,https://dhwiki.wikibase.cloud/entity/statement/Q545-0AB4F5EA-C570-4D29-ACA1-A35FEFA3FF99,Author,1,Mairelys,Lemus-Rojas,Mairelys Lemus-Rojas,Mairelys Lemus-Rojas,Mairelys Lemus-Rojas,Mairelys Lemus-Rojas
https://dhwiki.wikibase.cloud/entity/Q208,https://dhwiki.wikibase.cloud/entity/statement/Q208-03828819-8E7A-4A4C-961B-F5188B4BA629,Author,8,Xiaoli,Li,Xiaoli Li,Xiaoli Li,Xiaoli Li,Xiaoli Li
https://dhwiki.wikibase.cloud/entity/Q583,https://dhwiki.wikibase.cloud/entity/statement/Q583-7B092391-2208-4F91-8DA1-3D3C97BF6003,Author,1,Tan,Li Qi,Tan Li Qi,Tan Li Qi,Tan Li Qi,Tan Li Qi
https://dhwiki.wikibase.cloud/entity/Q556,https://dhwiki.wikibase.cloud/entity/statement/Q556-D5E1134F-7B2D-4DFD-BD08-AF805308DDBE,Author,26,Thomas,Liener,Thomas Liener,Thomas Liener,Thomas Liener,Thomas Liener
https://dhwiki.wikibase.cloud/entity/Q541,https://dhwiki.wikibase.cloud/entity/statement/Q541-DBE757F2-EFA4-4A9C-8EE6-A6316535C293,Author,1,Christian,Lieske,Christian Lieske,Christian Lieske,Christian Lieske,Christian Lieske
https://dhwiki.wikibase.cloud/entity/Q544,https://dhwiki.wikibase.cloud/entity/statement/Q544-B50311A4-C437-4684-9164-7DDB54FC20C0,Author,1,David,Lindemann,David Lindemann,David Lindemann,David Lindemann,David Lindemann
https://dhwiki.wikibase.cloud/entity/Q563,https://dhwiki.wikibase.cloud/entity/statement/Q563-E78AA506-B087-4C8E-9C04-8FE5D12F8CF0,Author,2,David,Lindemann,David Lindemann,David Lindemann,David Lindemann,David Lindemann
https://dhwiki.wikibase.cloud/entity/Q556,https://dhwiki.wikibase.cloud/entity/statement/Q556-55084A3B-FE90-440B-AD97-34AE227E4D7B,Author,27,Qinqin,Long,Qinqin Long,Qinqin Long,Qinqin Long,Qinqin Long
https://dhwiki.wikibase.cloud/entity/Q571,https://dhwiki.wikibase.cloud/entity/statement/Q571-57B83B52-DF92-4047-8A1A-1F049AA07015,Editor,1,Roussanka,Loukanova,Roussanka Loukanova,Roussanka Loukanova,Roussanka Loukanova,Roussanka Loukanova
https://dhwiki.wikibase.cloud/entity/Q571,https://dhwiki.wikibase.cloud/entity/statement/Q571-603A410B-CDBE-489A-934E-4CD117F3082C,Editor,2,Peter LeFanu,Lumsdaine,Peter LeFanu Lumsdaine,Peter LeFanu Lumsdaine,Peter LeFanu Lumsdaine,Peter LeFanu Lumsdaine
https://dhwiki.wikibase.cloud/entity/Q541,https://dhwiki.wikibase.cloud/entity/statement/Q541-17834543-4784-45F3-A5E1-44459FB1A0EA,Editor,4,Christiane,Maaß,Christiane Maaß,Christiane Maaß,Christiane Maaß,Christiane Maaß
https://dhwiki.wikibase.cloud/entity/Q541,https://dhwiki.wikibase.cloud/entity/statement/Q541-A83D1059-E88D-4A55-992F-0542D0F6D7AD,Author,3,Margot,Madina,Margot Madina,Margot Madina,Margot Madina,Margot Madina
https://dhwiki.wikibase.cloud/entity/Q259,https://dhwiki.wikibase.cloud/entity/statement/Q259-D4C6E90D-BF83-41E5-B967-F818CDBDD4DC,Editor,3,María Victoria,Madrid Díaz,María Victoria Madrid Díaz,María Victoria Madrid Díaz,María Victoria Madrid Díaz,María Victoria Madrid Díaz
https://dhwiki.wikibase.cloud/entity/Q270,https://dhwiki.wikibase.cloud/entity/statement/Q270-95A75CA8-0F46-4DC8-8E31-D46D8DDCC8D0,Author,12,Mahendra,Mahey,Mahendra Mahey,Mahendra Mahey,Mahendra Mahey,Mahendra Mahey
https://dhwiki.wikibase.cloud/entity/Q482,https://dhwiki.wikibase.cloud/entity/statement/Q482-122D6DF9-1F3E-4F63-B8FA-8E986081313A,Author,6,Mahendra,Mahey,Mahendra Mahey,Mahendra Mahey,Mahendra Mahey,Mahendra Mahey
https://dhwiki.wikibase.cloud/entity/Q537,https://dhwiki.wikibase.cloud/entity/statement/Q537-6EBF63AD-98CD-4D3A-8480-AD1EDDC0D4DF,Author,2,Lenka,Maixnerová,Lenka Maixnerová,Lenka Maixnerová,Lenka Maixnerová,Lenka Maixnerová
https://dhwiki.wikibase.cloud/entity/Q546,https://dhwiki.wikibase.cloud/entity/statement/Q546-0DD4BCB3-E04A-4876-BFD1-8B1992DF1DB4,Editor,6,Maria,Maleshkova,Maria Maleshkova,Maria Maleshkova,Maria Maleshkova,Maria Maleshkova
https://dhwiki.wikibase.cloud/entity/Q556,https://dhwiki.wikibase.cloud/entity/statement/Q556-8C4ABCB9-BC7F-4287-9D3B-CAB38FD64590,Author,28,James,Malone,James Malone,James Malone,James Malone,James Malone
https://dhwiki.wikibase.cloud/entity/Q270,https://dhwiki.wikibase.cloud/entity/statement/Q270-96006564-C832-4EB9-A5BA-BFACF84EE3EB,Author,13,Eileen,Manchester,Eileen Manchester,Eileen Manchester,Eileen Manchester,Eileen Manchester
https://dhwiki.wikibase.cloud/entity/Q538,https://dhwiki.wikibase.cloud/entity/statement/Q538-97053EB1-B55E-4CE1-964D-2EF1B7F49A58,Author,1,Anna Clara,Maniero Azzolini,Anna Clara Maniero Azzolini,Anna Clara Maniero Azzolini,Anna Clara Maniero Azzolini,Anna Clara Maniero Azzolini
https://dhwiki.wikibase.cloud/entity/Q211,https://dhwiki.wikibase.cloud/entity/statement/Q211-805F52D6-CC6D-4DCA-8DB6-E8C9302BC729,Author,4,Manuel,Marco-Such,Manuel Marco-Such,Manuel Marco-Such,Manuel Marco-Such,Manuel Marco-Such
https://dhwiki.wikibase.cloud/entity/Q556,https://dhwiki.wikibase.cloud/entity/statement/Q556-4EEE8AB7-321B-440F-9D41-B75E18617945,Author,1,Nicolas,Matentzoglu,Nicolas Matentzoglu,Nicolas Matentzoglu,Nicolas Matentzoglu,Nicolas Matentzoglu
https://dhwiki.wikibase.cloud/entity/Q542,https://dhwiki.wikibase.cloud/entity/statement/Q542-635C744A-2EA5-425A-8291-AD9A5D830C37,Author,3,Michael,Matuschek,Michael Matuschek,Michael Matuschek,Michael Matuschek,Michael Matuschek
https://dhwiki.wikibase.cloud/entity/Q217,https://dhwiki.wikibase.cloud/entity/statement/Q217-2708DFDB-EBA8-4A66-A701-FD9813644728,Editor,11,Hélène,Mazo,Hélène Mazo,Hélène Mazo,Hélène Mazo,Hélène Mazo
https://dhwiki.wikibase.cloud/entity/Q574,https://dhwiki.wikibase.cloud/entity/statement/Q574-43CA4822-70A6-4DE5-B547-2A83FB4A5FFA,Editor,3,John P.,McCrae,John P. McCrae,John P. McCrae,John P. McCrae,John P. McCrae
https://dhwiki.wikibase.cloud/entity/Q568,https://dhwiki.wikibase.cloud/entity/statement/Q568-154E4D0D-1049-41FC-8B3E-65EB1B1E6B22,Author,3,John P.,McCrae,John P. McCrae,John P. McCrae,John P. McCrae,John P. McCrae
https://dhwiki.wikibase.cloud/entity/Q574,https://dhwiki.wikibase.cloud/entity/statement/Q574-1BB632BD-2299-4A51-8B22-EBE8D6EEFEAF,Author,8,John P.,McCrae,John P. McCrae,John P. McCrae,John P. McCrae,John P. McCrae
https://dhwiki.wikibase.cloud/entity/Q524,https://dhwiki.wikibase.cloud/entity/statement/Q524-08FB2AD3-DFC6-4475-9B75-6F7E8E433BB7,Author,1,John Philip,McCrae,John Philip McCrae,John Philip McCrae,John Philip McCrae,John Philip McCrae
https://dhwiki.wikibase.cloud/entity/Q556,https://dhwiki.wikibase.cloud/entity/statement/Q556-CECFCE00-6521-4F4E-8EA2-FF35336994BB,Author,29,James A,McLaughlin,James A McLaughlin,James A McLaughlin,James A McLaughlin,James A McLaughlin
https://dhwiki.wikibase.cloud/entity/Q556,https://dhwiki.wikibase.cloud/entity/statement/Q556-375D6519-A67F-4318-9781-ACD1A7D1AEFB,Author,30,Julie A,McMurry,Julie A McMurry,Julie A McMurry,Julie A McMurry,Julie A McMurry
https://dhwiki.wikibase.cloud/entity/Q281,https://dhwiki.wikibase.cloud/entity/statement/Q281-5842F574-4BCA-4E3B-B1AB-9FC110DB4D8E,Author,1,Dora,Melo,Dora Melo,Dora Melo,Dora Melo,Dora Melo
https://dhwiki.wikibase.cloud/entity/Q243,https://dhwiki.wikibase.cloud/entity/statement/Q243-491223BC-CC34-4E41-A322-1874C04B60C3,Author,4,Julian,Mendez,Julian Mendez,Julian Mendez,Julian Mendez,Julian Mendez
https://dhwiki.wikibase.cloud/entity/Q570,https://dhwiki.wikibase.cloud/entity/statement/Q570-FD9295E1-8445-48B7-8586-4968076B6D76,Author,1,Samuel,Meuli,Samuel Meuli,Samuel Meuli,Samuel Meuli,Samuel Meuli
https://dhwiki.wikibase.cloud/entity/Q268,https://dhwiki.wikibase.cloud/entity/statement/Q268-1FFD8E94-23FA-4524-8A03-2E724563ED79,Author,5,Sebastian,Meyer,Sebastian Meyer,Sebastian Meyer,Sebastian Meyer,Sebastian Meyer
https://dhwiki.wikibase.cloud/entity/Q243,https://dhwiki.wikibase.cloud/entity/statement/Q243-DFA11785-CD8D-4005-8670-6CA3AF0242DC,Editor,1,Peter,Mika,Peter Mika,Peter Mika,Peter Mika,Peter Mika
https://dhwiki.wikibase.cloud/entity/Q208,https://dhwiki.wikibase.cloud/entity/statement/Q208-8BE6E791-41A8-456F-935D-902E5F679BC9,Author,10,Karen,Miller,Karen Miller,Karen Miller,Karen Miller,Karen Miller
https://dhwiki.wikibase.cloud/entity/Q581,https://dhwiki.wikibase.cloud/entity/statement/Q581-0C059E3F-6AC5-45EF-B9AB-51A989FD396A,Author,1,Matt,Miller,Matt Miller,Matt Miller,Matt Miller,Matt Miller
https://dhwiki.wikibase.cloud/entity/Q567,https://dhwiki.wikibase.cloud/entity/statement/Q567-B89963DA-078E-4550-BE09-6BF800EC3D35,Author,2,Matthew,Miller,Matthew Miller,Matthew Miller,Matthew Miller,Matthew Miller
https://dhwiki.wikibase.cloud/entity/Q208,https://dhwiki.wikibase.cloud/entity/statement/Q208-A5FED93E-22E2-435F-BD1C-99FBC929847B,Author,11,Honor,Moody,Honor Moody,Honor Moody,Honor Moody,Honor Moody
https://dhwiki.wikibase.cloud/entity/Q217,https://dhwiki.wikibase.cloud/entity/statement/Q217-585A899E-DE0B-45E2-8B6F-54D2130EAC50,Editor,12,Asuncion,Moreno,Asuncion Moreno,Asuncion Moreno,Asuncion Moreno,Asuncion Moreno
https://dhwiki.wikibase.cloud/entity/Q552,https://dhwiki.wikibase.cloud/entity/statement/Q552-2C045D32-4A0F-4E8C-B7A2-858AEADBD1CE,Author,1,Mahir,Morshed,Mahir Morshed,Mahir Morshed,Mahir Morshed,Mahir Morshed
https://dhwiki.wikibase.cloud/entity/Q556,https://dhwiki.wikibase.cloud/entity/statement/Q556-8BBEB2D9-48B8-4371-913E-9340F61BF1BE,Author,31,Sierra,Moxon,Sierra Moxon,Sierra Moxon,Sierra Moxon,Sierra Moxon
https://dhwiki.wikibase.cloud/entity/Q556,https://dhwiki.wikibase.cloud/entity/statement/Q556-313F9872-7471-4EFF-B851-7734B5C5B477,Author,44,Christopher J,Mungall,Christopher J Mungall,Christopher J Mungall,Christopher J Mungall,Christopher J Mungall
https://dhwiki.wikibase.cloud/entity/Q533,https://dhwiki.wikibase.cloud/entity/statement/Q533-45937DA8-1484-4828-90A3-BE8808E9C6D4,Author,2,Paolo,Munini,Paolo Munini,Paolo Munini,Paolo Munini,Paolo Munini
https://dhwiki.wikibase.cloud/entity/Q556,https://dhwiki.wikibase.cloud/entity/statement/Q556-64AC03E3-B192-4FE3-859B-9FB6B5AB616C,Author,32,Monica C,Munoz-Torres,Monica C Munoz-Torres,Monica C Munoz-Torres,Monica C Munoz-Torres,Monica C Munoz-Torres
https://dhwiki.wikibase.cloud/entity/Q571,https://dhwiki.wikibase.cloud/entity/statement/Q571-513161F5-AE41-4CC5-A732-C6B497C8F32C,Editor,3,Reinhard,Muskens,Reinhard Muskens,Reinhard Muskens,Reinhard Muskens,Reinhard Muskens
https://dhwiki.wikibase.cloud/entity/Q268,https://dhwiki.wikibase.cloud/entity/statement/Q268-6ABDD6D5-1B63-4F79-B160-70EC2D2DAF76,Author,6,Andreas,Neuburger,Andreas Neuburger,Andreas Neuburger,Andreas Neuburger,Andreas Neuburger
https://dhwiki.wikibase.cloud/entity/Q546,https://dhwiki.wikibase.cloud/entity/statement/Q546-F3CF9681-B5B5-4C57-B252-CF6642037D37,Author,1,Finn Årup,Nielsen,Finn Årup Nielsen,Finn Årup Nielsen,Finn Årup Nielsen,Finn Årup Nielsen
https://dhwiki.wikibase.cloud/entity/Q529,https://dhwiki.wikibase.cloud/entity/statement/Q529-0A8C2B84-C7BB-4373-BDD0-CD3CA16C0AB9,Author,1,Finn Årup,Nielsen,Finn Årup Nielsen,Finn Årup Nielsen,Finn Årup Nielsen,Finn Årup Nielsen
https://dhwiki.wikibase.cloud/entity/Q530,https://dhwiki.wikibase.cloud/entity/statement/Q530-A685CE64-0AC5-4F6D-B372-B11D1DE80B9A,Author,1,Finn Årup,Nielsen,Finn Årup Nielsen,Finn Årup Nielsen,Finn Årup Nielsen,Finn Årup Nielsen
https://dhwiki.wikibase.cloud/entity/Q531,https://dhwiki.wikibase.cloud/entity/statement/Q531-6236340D-2582-4F68-A573-D95227351153,Author,1,Pierre,Nugues,Pierre Nugues,Pierre Nugues,Pierre Nugues,Pierre Nugues
https://dhwiki.wikibase.cloud/entity/Q277,https://dhwiki.wikibase.cloud/entity/statement/Q277-7DB095A5-EB27-4A24-BF2F-AACA6097471C,Editor,4,Kjetil,Nørvåg,Kjetil Nørvåg,Kjetil Nørvåg,Kjetil Nørvåg,Kjetil Nørvåg
https://dhwiki.wikibase.cloud/entity/Q545,https://dhwiki.wikibase.cloud/entity/statement/Q545-0CC88E35-67C5-44BE-A607-DF4080BE6CB5,Author,2,Jere,Odell,Jere Odell,Jere Odell,Jere Odell,Jere Odell
https://dhwiki.wikibase.cloud/entity/Q263,https://dhwiki.wikibase.cloud/entity/statement/Q263-C9A51EF3-C302-431E-B1CD-4ACC1E532B01,Author,3,Maria,Olivera Zaldua,Maria Olivera Zaldua,Maria Olivera Zaldua,Maria Olivera Zaldua,Maria Olivera Zaldua
https://dhwiki.wikibase.cloud/entity/Q556,https://dhwiki.wikibase.cloud/entity/statement/Q556-5301190B-0990-41C0-AB57-673D892A4748,Author,33,David,Osumi-Sutherland,David Osumi-Sutherland,David Osumi-Sutherland,David Osumi-Sutherland,David Osumi-Sutherland
https://dhwiki.wikibase.cloud/entity/Q556,https://dhwiki.wikibase.cloud/entity/statement/Q556-4DE1C048-E6A4-4E1B-8482-C36ECC0596E9,Author,34,James A,Overton,James A Overton,James A Overton,James A Overton,James A Overton
https://dhwiki.wikibase.cloud/entity/Q219,https://dhwiki.wikibase.cloud/entity/statement/Q219-372C4CE4-EBD7-4C51-9ACC-52B163C03CDA,Editor,1,James,O’Sullivan,James O’Sullivan,James O’Sullivan,James O’Sullivan,James O’Sullivan
https://dhwiki.wikibase.cloud/entity/Q540,https://dhwiki.wikibase.cloud/entity/statement/Q540-D32B8A60-6977-4E92-BEC2-03E5B0BCCC90,Author,1,Roderic D. M.,Page,Roderic D. M. Page,Roderic D. M. Page,Roderic D. M. Page,Roderic D. M. Page
https://dhwiki.wikibase.cloud/entity/Q215,https://dhwiki.wikibase.cloud/entity/statement/Q215-3697615C-66EC-47F6-8D1D-26D9D27EA416,Author,3,Gábor,Palkó,Gábor Palkó,Gábor Palkó,Gábor Palkó,Gábor Palkó
https://dhwiki.wikibase.cloud/entity/Q262,https://dhwiki.wikibase.cloud/entity/statement/Q262-78B91819-6953-4D77-BFF9-F42CBFDBD4FE,Author,2,Georgios,Papaioannou,Georgios Papaioannou,Georgios Papaioannou,Georgios Papaioannou,Georgios Papaioannou
https://dhwiki.wikibase.cloud/entity/Q264,https://dhwiki.wikibase.cloud/entity/statement/Q264-82615C2E-8D00-4C4A-8392-6B59824E94D2,Author,5,Christos,Papatheodorou,Christos Papatheodorou,Christos Papatheodorou,Christos Papatheodorou,Christos Papatheodorou
https://dhwiki.wikibase.cloud/entity/Q567,https://dhwiki.wikibase.cloud/entity/statement/Q567-E8706C1A-A564-4004-A786-B78B79FA5FD1,Author,1,M. Cristina,Pattuelli,M. Cristina Pattuelli,M. Cristina Pattuelli,M. Cristina Pattuelli,M. Cristina Pattuelli
https://dhwiki.wikibase.cloud/entity/Q568,https://dhwiki.wikibase.cloud/entity/statement/Q568-BEA12703-5013-430D-8359-E8C2AD52BA4C,Author,5,Maria Teresa,Pazienza,Maria Teresa Pazienza,Maria Teresa Pazienza,Maria Teresa Pazienza,Maria Teresa Pazienza
https://dhwiki.wikibase.cloud/entity/Q572,https://dhwiki.wikibase.cloud/entity/statement/Q572-05947A6A-2083-4C68-91A6-E405AE50538A,Author,2,Camillo Carlo,Pellizzari di San Girolamo,Camillo Carlo Pellizzari di San Girolamo,Camillo Carlo Pellizzari di San Girolamo,Camillo Carlo Pellizzari di San Girolamo,Camillo Carlo Pellizzari di San Girolamo
https://dhwiki.wikibase.cloud/entity/Q556,https://dhwiki.wikibase.cloud/entity/statement/Q556-E5E70112-9B22-4A74-BBBA-99A339A2196D,Author,35,Bjoern,Peters,Bjoern Peters,Bjoern Peters,Bjoern Peters,Bjoern Peters
https://dhwiki.wikibase.cloud/entity/Q260,https://dhwiki.wikibase.cloud/entity/statement/Q260-EFC07D16-D6BD-4D50-BF07-25852EBB741C,Author,4,Dale,Peters,Dale Peters,Dale Peters,Dale Peters,Dale Peters
https://dhwiki.wikibase.cloud/entity/Q270,https://dhwiki.wikibase.cloud/entity/statement/Q270-0239566A-B266-4279-B04F-A8BCB7D84186,Author,14,Thuy-An,Pham,Thuy-An Pham,Thuy-An Pham,Thuy-An Pham,Thuy-An Pham
https://dhwiki.wikibase.cloud/entity/Q576,https://dhwiki.wikibase.cloud/entity/statement/Q576-73C63AC8-F84E-495A-973B-DA683F38E802,Author,2,Axel,Polleres,Axel Polleres,Axel Polleres,Axel Polleres,Axel Polleres
https://dhwiki.wikibase.cloud/entity/Q577,https://dhwiki.wikibase.cloud/entity/statement/Q577-33C4AFA9-47FC-4E8D-8BA2-811974EE37BB,Author,2,Axel,Polleres,Axel Polleres,Axel Polleres,Axel Polleres,Axel Polleres
https://dhwiki.wikibase.cloud/entity/Q526,https://dhwiki.wikibase.cloud/entity/statement/Q526-CBDD9BDD-00F5-4877-9F6B-E78582AC8A5B,Author,4,Axel,Polleres,Axel Polleres,Axel Polleres,Axel Polleres,Axel Polleres
https://dhwiki.wikibase.cloud/entity/Q534,https://dhwiki.wikibase.cloud/entity/statement/Q534-7E650D97-CDF0-4F26-AAE5-E69F84911D65,Author,1,Jessica,Puliero,Jessica Puliero,Jessica Puliero,Jessica Puliero,Jessica Puliero
https://dhwiki.wikibase.cloud/entity/Q558,https://dhwiki.wikibase.cloud/entity/statement/Q558-6A502DFF-DC4C-48F5-89BC-D5FC81ECE9A7,Author,1,Marie,Puren,Marie Puren,Marie Puren,Marie Puren,Marie Puren
https://dhwiki.wikibase.cloud/entity/Q556,https://dhwiki.wikibase.cloud/entity/statement/Q556-EED46538-35E9-4CD7-9045-E779FA16BAB4,Author,36,Tim,Putman,Tim Putman,Tim Putman,Tim Putman,Tim Putman
https://dhwiki.wikibase.cloud/entity/Q556,https://dhwiki.wikibase.cloud/entity/statement/Q556-0A407E0F-2BCD-43FC-87A8-D0FA0959DE37,Author,37,Núria,Queralt-Rosinach,Núria Queralt-Rosinach,Núria Queralt-Rosinach,Núria Queralt-Rosinach,Núria Queralt-Rosinach
https://dhwiki.wikibase.cloud/entity/Q246,https://dhwiki.wikibase.cloud/entity/statement/Q246-9E6623AC-C42B-4C14-A4B0-ED9F21EB702A,Author,2,Manuel,Ramírez Sánchez,Manuel Ramírez Sánchez,Manuel Ramírez Sánchez,Manuel Ramírez Sánchez,Manuel Ramírez Sánchez
https://dhwiki.wikibase.cloud/entity/Q560,https://dhwiki.wikibase.cloud/entity/statement/Q560-91CFA493-9EAB-4448-A7ED-EF508040AD09,Author,3,Lynn,Ransom,Lynn Ransom,Lynn Ransom,Lynn Ransom,Lynn Ransom
https://dhwiki.wikibase.cloud/entity/Q565,https://dhwiki.wikibase.cloud/entity/statement/Q565-98C64D3D-5610-4EDD-8A26-6CFC0451A5C7,Author,3,Lynn,Ransom,Lynn Ransom,Lynn Ransom,Lynn Ransom,Lynn Ransom
https://dhwiki.wikibase.cloud/entity/Q571,https://dhwiki.wikibase.cloud/entity/statement/Q571-58C86EA9-5295-4985-BDE8-C0735BDBDE17,Author,1,Aarne,Ranta,Aarne Ranta,Aarne Ranta,Aarne Ranta,Aarne Ranta
https://dhwiki.wikibase.cloud/entity/Q549,https://dhwiki.wikibase.cloud/entity/statement/Q549-DFA5088C-7311-487E-BEEF-481656626A71,Author,8,Dean,Rehberger,Dean Rehberger,Dean Rehberger,Dean Rehberger,Dean Rehberger
https://dhwiki.wikibase.cloud/entity/Q569,https://dhwiki.wikibase.cloud/entity/statement/Q569-4912EE34-C299-465F-973A-F43747B009FB,Author,1,Pascale,Renders,Pascale Renders,Pascale Renders,Pascale Renders,Pascale Renders
https://dhwiki.wikibase.cloud/entity/Q281,https://dhwiki.wikibase.cloud/entity/statement/Q281-0470CB3B-6C1F-45BA-B923-703EC4E6D010,Author,2,Irene Pimenta,Rodrigues,Irene Pimenta Rodrigues,Irene Pimenta Rodrigues,Irene Pimenta Rodrigues,Irene Pimenta Rodrigues
https://dhwiki.wikibase.cloud/entity/Q259,https://dhwiki.wikibase.cloud/entity/statement/Q259-5C61CC66-6394-40B2-8C8F-622A6D5EC1CD,Editor,4,Maribel,Rodríguez Achútegui,Maribel Rodríguez Achútegui,Maribel Rodríguez Achútegui,Maribel Rodríguez Achútegui,Maribel Rodríguez Achútegui
https://dhwiki.wikibase.cloud/entity/Q545,https://dhwiki.wikibase.cloud/entity/statement/Q545-3CE8B196-2647-490C-8560-EFAC375CC2CA,Author,4,Mirian Ramirez,Rojas,Mirian Ramirez Rojas,Mirian Ramirez Rojas,Mirian Ramirez Rojas,Mirian Ramirez Rojas
https://dhwiki.wikibase.cloud/entity/Q580,https://dhwiki.wikibase.cloud/entity/statement/Q580-D6C99163-A837-4E77-90BE-0CC4C533D6EE,Author,1,Lozana,Rossenova,Lozana Rossenova,Lozana Rossenova,Lozana Rossenova,Lozana Rossenova
https://dhwiki.wikibase.cloud/entity/Q286,https://dhwiki.wikibase.cloud/entity/statement/Q286-3AFC7574-0571-4081-BDF5-8FB98C44C8A9,Author,7,Jason,Roy,Jason Roy,Jason Roy,Jason Roy,Jason Roy
https://dhwiki.wikibase.cloud/entity/Q551,https://dhwiki.wikibase.cloud/entity/statement/Q551-D24AEBD6-AA0C-4FBC-A219-50174E70CBB8,Author,3,Biljana,Rujević,Biljana Rujević,Biljana Rujević,Biljana Rujević,Biljana Rujević
https://dhwiki.wikibase.cloud/entity/Q568,https://dhwiki.wikibase.cloud/entity/statement/Q568-2D5DE724-EDA5-4D8D-B9AD-967A5E0F38B7,Editor,2,Marta,Sabou,Marta Sabou,Marta Sabou,Marta Sabou,Marta Sabou
https://dhwiki.wikibase.cloud/entity/Q568,https://dhwiki.wikibase.cloud/entity/statement/Q568-BF929082-F549-4DB2-A4CF-06588F19CE5F,Editor,3,Harald,Sack,Harald Sack,Harald Sack,Harald Sack,Harald Sack
https://dhwiki.wikibase.cloud/entity/Q263,https://dhwiki.wikibase.cloud/entity/statement/Q263-7380C222-CF3E-4087-9A02-D25CD67B161F,Author,2,Antonia,Salvador Benítez,Antonia Salvador Benítez,Antonia Salvador Benítez,Antonia Salvador Benítez,Antonia Salvador Benítez
https://dhwiki.wikibase.cloud/entity/Q274,https://dhwiki.wikibase.cloud/entity/statement/Q274-1F6A78D5-A882-49D3-AC8D-47A2C2F403D5,Editor,1,Antonia,Salvador Benítez,Antonia Salvador Benítez,Antonia Salvador Benítez,Antonia Salvador Benítez,Antonia Salvador Benítez
https://dhwiki.wikibase.cloud/entity/Q478,https://dhwiki.wikibase.cloud/entity/statement/Q478-41E9F6B6-5B1F-4F39-A9BF-1E8EA44D6E0E,Author,1,Lucia,Sardo,Lucia Sardo,Lucia Sardo,Lucia Sardo,Lucia Sardo
https://dhwiki.wikibase.cloud/entity/Q541,https://dhwiki.wikibase.cloud/entity/statement/Q541-353E9A4C-9AA5-4491-8665-A375FA8627D5,Author,4,Felix,Sasaki,Felix Sasaki,Felix Sasaki,Felix Sasaki,Felix Sasaki
https://dhwiki.wikibase.cloud/entity/Q546,https://dhwiki.wikibase.cloud/entity/statement/Q546-01A507F4-D191-4C9E-AC0D-451C0738A763,Editor,7,Stefan,Schlobach,Stefan Schlobach,Stefan Schlobach,Stefan Schlobach,Stefan Schlobach
https://dhwiki.wikibase.cloud/entity/Q525,https://dhwiki.wikibase.cloud/entity/statement/Q525-C1EF3521-9B5B-4270-A84F-9F5F37A964F1,Author,1,Lukas,Schmelzeisen,Lukas Schmelzeisen,Lukas Schmelzeisen,Lukas Schmelzeisen,Lukas Schmelzeisen
https://dhwiki.wikibase.cloud/entity/Q528,https://dhwiki.wikibase.cloud/entity/statement/Q528-8BE30A80-A191-42E2-84F4-3D590CB61884,Author,2,Kenneth,Seals Nutt,Kenneth Seals Nutt,Kenneth Seals Nutt,Kenneth Seals Nutt,Kenneth Seals Nutt
https://dhwiki.wikibase.cloud/entity/Q556,https://dhwiki.wikibase.cloud/entity/statement/Q556-DD2BA867-6245-48D0-9A3B-BB730E81BD9F,Author,38,Kent,Shefchek,Kent Shefchek,Kent Shefchek,Kent Shefchek,Kent Shefchek
https://dhwiki.wikibase.cloud/entity/Q549,https://dhwiki.wikibase.cloud/entity/statement/Q549-CD5F829A-9EE1-4DC6-B17B-028665102FB7,Author,6,Alicia,Sheill,Alicia Sheill,Alicia Sheill,Alicia Sheill,Alicia Sheill
https://dhwiki.wikibase.cloud/entity/Q549,https://dhwiki.wikibase.cloud/entity/statement/Q549-E8FB6EE9-66C2-4588-AE42-8FE88A362AE6,Author,1,Cogan,Shimizu,Cogan Shimizu,Cogan Shimizu,Cogan Shimizu,Cogan Shimizu
https://dhwiki.wikibase.cloud/entity/Q541,https://dhwiki.wikibase.cloud/entity/statement/Q541-E0E982D4-11AA-48E6-898A-5B5619C4008A,Author,5,Melanie,Siegel,Melanie Siegel,Melanie Siegel,Melanie Siegel,Melanie Siegel
https://dhwiki.wikibase.cloud/entity/Q556,https://dhwiki.wikibase.cloud/entity/statement/Q556-0396F104-100C-45BC-8E2E-62A529FFA8C0,Author,39,Harold,Solbrig,Harold Solbrig,Harold Solbrig,Harold Solbrig,Harold Solbrig
https://dhwiki.wikibase.cloud/entity/Q264,https://dhwiki.wikibase.cloud/entity/statement/Q264-103ED440-2617-47C9-8EF9-B12C4D1A5C29,Author,3,Dimitrios,Spanoudakis,Dimitrios Spanoudakis,Dimitrios Spanoudakis,Dimitrios Spanoudakis,Dimitrios Spanoudakis
https://dhwiki.wikibase.cloud/entity/Q525,https://dhwiki.wikibase.cloud/entity/statement/Q525-56813936-CFAF-4D4C-AB9A-C9E09703B6E5,Author,3,Steffen,Staab,Steffen Staab,Steffen Staab,Steffen Staab,Steffen Staab
https://dhwiki.wikibase.cloud/entity/Q546,https://dhwiki.wikibase.cloud/entity/statement/Q546-301A6938-382E-420A-9C33-8B4798C197DF,Editor,10,Steffen,Stadtmüller,Steffen Stadtmüller,Steffen Stadtmüller,Steffen Stadtmüller,Steffen Stadtmüller
https://dhwiki.wikibase.cloud/entity/Q551,https://dhwiki.wikibase.cloud/entity/statement/Q551-18BD9F71-C93A-4F71-BD56-B3713CAB50D2,Author,2,Ranka,Stanković,Ranka Stanković,Ranka Stanković,Ranka Stanković,Ranka Stanković
https://dhwiki.wikibase.cloud/entity/Q268,https://dhwiki.wikibase.cloud/entity/statement/Q268-3DA349C0-AD2B-4731-AF2B-B4B67AA01002,Author,8,Regine,Stein,Regine Stein,Regine Stein,Regine Stein,Regine Stein
https://dhwiki.wikibase.cloud/entity/Q568,https://dhwiki.wikibase.cloud/entity/statement/Q568-D395EDF7-109A-4A34-B581-1BED3778AD43,Author,2,Armando,Stellato,Armando Stellato,Armando Stellato,Armando Stellato,Armando Stellato
https://dhwiki.wikibase.cloud/entity/Q574,https://dhwiki.wikibase.cloud/entity/statement/Q574-C3108436-6163-431E-A95D-5D86AC19EE29,Author,6,Sander,Stolk,Sander Stolk,Sander Stolk,Sander Stolk,Sander Stolk
https://dhwiki.wikibase.cloud/entity/Q268,https://dhwiki.wikibase.cloud/entity/statement/Q268-48C6CD40-6333-4D64-AF1B-7C388EF228B8,Author,7,Thomas,Stäcker,Thomas Stäcker,Thomas Stäcker,Thomas Stäcker,Thomas Stäcker
https://dhwiki.wikibase.cloud/entity/Q264,https://dhwiki.wikibase.cloud/entity/statement/Q264-8F3FCD12-DEBB-4025-A6B7-1D1CC745E0A8,Editor,2,Imma,Subirats Coll,Imma Subirats Coll,Imma Subirats Coll,Imma Subirats Coll,Imma Subirats Coll
https://dhwiki.wikibase.cloud/entity/Q211,https://dhwiki.wikibase.cloud/entity/statement/Q211-66F3F5C6-2034-4E7D-83B9-C6B5FE9874E0,Author,2,María Dolores,Sáez,María Dolores Sáez,María Dolores Sáez,María Dolores Sáez,María Dolores Sáez
https://dhwiki.wikibase.cloud/entity/Q541,https://dhwiki.wikibase.cloud/entity/statement/Q541-5C4A7C7E-0683-4D57-9AE7-26987D1FE38D,Editor,5,Anke,Tardel,Anke Tardel,Anke Tardel,Anke Tardel,Anke Tardel
https://dhwiki.wikibase.cloud/entity/Q556,https://dhwiki.wikibase.cloud/entity/statement/Q556-D3A17E73-C44B-484B-BBB3-884456964FF2,Author,40,Anne,Thessen,Anne Thessen,Anne Thessen,Anne Thessen,Anne Thessen
https://dhwiki.wikibase.cloud/entity/Q208,https://dhwiki.wikibase.cloud/entity/statement/Q208-1DE7BC2D-C2F9-4686-9F4C-F09A336EFAF5,Author,12,Craig,Thomas,Craig Thomas,Craig Thomas,Craig Thomas,Craig Thomas
https://dhwiki.wikibase.cloud/entity/Q565,https://dhwiki.wikibase.cloud/entity/statement/Q565-50EDDB7B-7470-4F6A-91C8-D283584767CE,Author,2,Emma,Thomson,Emma Thomson,Emma Thomson,Emma Thomson,Emma Thomson
https://dhwiki.wikibase.cloud/entity/Q240,https://dhwiki.wikibase.cloud/entity/statement/Q240-C288CAD8-B590-4503-821F-5EF9AEA7DD23,Author,24,Katherine,Thornton,Katherine Thornton,Katherine Thornton,Katherine Thornton,Katherine Thornton
https://dhwiki.wikibase.cloud/entity/Q282,https://dhwiki.wikibase.cloud/entity/statement/Q282-B3F0F40E-D37C-4763-8044-FB9227E7548F,Author,1,Katherine,Thornton,Katherine Thornton,Katherine Thornton,Katherine Thornton,Katherine Thornton
https://dhwiki.wikibase.cloud/entity/Q528,https://dhwiki.wikibase.cloud/entity/statement/Q528-A5236C25-52FD-4368-9DA0-4F70F348A2A3,Author,1,Katherine,Thornton,Katherine Thornton,Katherine Thornton,Katherine Thornton,Katherine Thornton
https://dhwiki.wikibase.cloud/entity/Q557,https://dhwiki.wikibase.cloud/entity/statement/Q557-B8647B77-18B5-417F-88B0-46CCA14267AE,Author,4,Ciprian-Octavian,Truică,Ciprian-Octavian Truică,Ciprian-Octavian Truică,Ciprian-Octavian Truică,Ciprian-Octavian Truică
https://dhwiki.wikibase.cloud/entity/Q266,https://dhwiki.wikibase.cloud/entity/statement/Q266-3BF819F9-D684-478A-B54E-4E9D537565EC,Editor,3,Suppawong,Tuarob,Suppawong Tuarob,Suppawong Tuarob,Suppawong Tuarob,Suppawong Tuarob
https://dhwiki.wikibase.cloud/entity/Q556,https://dhwiki.wikibase.cloud/entity/statement/Q556-8F51A25F-734A-4EE2-97DA-48378B01328C,Author,41,Tania,Tudorache,Tania Tudorache,Tania Tudorache,Tania Tudorache,Tania Tudorache
https://dhwiki.wikibase.cloud/entity/Q527,https://dhwiki.wikibase.cloud/entity/statement/Q527-3083D175-6476-4070-A764-FDBA971FDB36,Author,1,Houcemeddine,Turki,Houcemeddine Turki,Houcemeddine Turki,Houcemeddine Turki,Houcemeddine Turki
https://dhwiki.wikibase.cloud/entity/Q270,https://dhwiki.wikibase.cloud/entity/statement/Q270-18A213D0-46E3-4DD6-B382-AB9ABD44DBF4,Author,16,Ellen,Van Keer,Ellen Van Keer,Ellen Van Keer,Ellen Van Keer,Ellen Van Keer
https://dhwiki.wikibase.cloud/entity/Q281,https://dhwiki.wikibase.cloud/entity/statement/Q281-A84005C1-A67E-46DB-9C19-3C958CE5D55B,Author,3,Davide,Varagnolo,Davide Varagnolo,Davide Varagnolo,Davide Varagnolo,Davide Varagnolo
https://dhwiki.wikibase.cloud/entity/Q277,https://dhwiki.wikibase.cloud/entity/statement/Q277-D8A5BE45-D519-4B14-8B5B-EFDB38C8E56F,Editor,6,Genoveva,Vargas-Solar,Genoveva Vargas-Solar,Genoveva Vargas-Solar,Genoveva Vargas-Solar,Genoveva Vargas-Solar
https://dhwiki.wikibase.cloud/entity/Q583,https://dhwiki.wikibase.cloud/entity/statement/Q583-5D6AB549-A618-42D3-9AED-467734915FFE,Author,2,Christos,Varvantakis,Christos Varvantakis,Christos Varvantakis,Christos Varvantakis,Christos Varvantakis
https://dhwiki.wikibase.cloud/entity/Q229,https://dhwiki.wikibase.cloud/entity/statement/Q229-848FF5D5-5E57-4BF8-A12F-9276FE4467B9,Author,1,Christos,Varvantakis,Christos Varvantakis,Christos Varvantakis,Christos Varvantakis,Christos Varvantakis
https://dhwiki.wikibase.cloud/entity/Q556,https://dhwiki.wikibase.cloud/entity/statement/Q556-DEBE50EB-0897-4184-A223-59ADA3A47C36,Author,42,Nicole,Vasilevsky,Nicole Vasilevsky,Nicole Vasilevsky,Nicole Vasilevsky,Nicole Vasilevsky
https://dhwiki.wikibase.cloud/entity/Q546,https://dhwiki.wikibase.cloud/entity/statement/Q546-0C0C1657-2F5B-4905-BCFF-0064D2FB09D1,Editor,12,Ruben,Verborgh,Ruben Verborgh,Ruben Verborgh,Ruben Verborgh,Ruben Verborgh
https://dhwiki.wikibase.cloud/entity/Q558,https://dhwiki.wikibase.cloud/entity/statement/Q558-D82572D0-501A-4870-A4C6-C1F6C2962A4F,Author,2,Pierre,Vernus,Pierre Vernus,Pierre Vernus,Pierre Vernus,Pierre Vernus
https://dhwiki.wikibase.cloud/entity/Q546,https://dhwiki.wikibase.cloud/entity/statement/Q546-9615A245-08E8-4699-988F-1852FAB7160C,Editor,5,Maria-Esther,Vidal,Maria-Esther Vidal,Maria-Esther Vidal,Maria-Esther Vidal,Maria-Esther Vidal
https://dhwiki.wikibase.cloud/entity/Q572,https://dhwiki.wikibase.cloud/entity/statement/Q572-37F32A89-1DED-4478-88BB-1B2C82FC421E,Author,3,Elisabetta,Viti,Elisabetta Viti,Elisabetta Viti,Elisabetta Viti,Elisabetta Viti
https://dhwiki.wikibase.cloud/entity/Q527,https://dhwiki.wikibase.cloud/entity/statement/Q527-1FD45477-F9C5-4BDA-9556-2BB7AFA0D7E6,Author,2,Denny,Vrandecic,Denny Vrandecic,Denny Vrandecic,Denny Vrandecic,Denny Vrandecic
https://dhwiki.wikibase.cloud/entity/Q579,https://dhwiki.wikibase.cloud/entity/statement/Q579-181A5DEA-C18F-4666-9404-A653A8C00A32,Author,1,Denny,Vrandečić,Denny Vrandečić,Denny Vrandečić,Denny Vrandečić,Denny Vrandečić
https://dhwiki.wikibase.cloud/entity/Q556,https://dhwiki.wikibase.cloud/entity/statement/Q556-A7A34578-861F-4B09-A401-8BB065C00F2A,Author,43,Alex H,Wagner,Alex H Wagner,Alex H Wagner,Alex H Wagner,Alex H Wagner
https://dhwiki.wikibase.cloud/entity/Q543,https://dhwiki.wikibase.cloud/entity/statement/Q543-94063D21-C142-4949-B8B6-1653F43C9B62,Author,1,Katy,Weathington,Katy Weathington,Katy Weathington,Katy Weathington,Katy Weathington
https://dhwiki.wikibase.cloud/entity/Q575,https://dhwiki.wikibase.cloud/entity/statement/Q575-FD28D589-D1F1-4925-99B4-0684ADD2FDDB,Author,7,Claus,Weiland,Claus Weiland,Claus Weiland,Claus Weiland,Claus Weiland
https://dhwiki.wikibase.cloud/entity/Q286,https://dhwiki.wikibase.cloud/entity/statement/Q286-68D6D925-F2D0-43CB-AEC0-92A38C926F69,Author,10,Elliot,Williams,Elliot Williams,Elliot Williams,Elliot Williams,Elliot Williams
https://dhwiki.wikibase.cloud/entity/Q282,https://dhwiki.wikibase.cloud/entity/statement/Q282-90E29A2B-3550-4480-BAAE-E5ADA675616B,Author,4,Carl,Wilson,Carl Wilson,Carl Wilson,Carl Wilson,Carl Wilson
https://dhwiki.wikibase.cloud/entity/Q575,https://dhwiki.wikibase.cloud/entity/statement/Q575-869B198D-D8A0-49AE-A83F-39E8ADA886F6,Author,8,Peter,Wittenburg,Peter Wittenburg,Peter Wittenburg,Peter Wittenburg,Peter Wittenburg
https://dhwiki.wikibase.cloud/entity/Q260,https://dhwiki.wikibase.cloud/entity/statement/Q260-B93449A8-3CC9-45EF-BC36-4E193BC38370,Author,3,Clemens de,Wolf,Clemens de Wolf,Clemens de Wolf,Clemens de Wolf,Clemens de Wolf
https://dhwiki.wikibase.cloud/entity/Q566,https://dhwiki.wikibase.cloud/entity/statement/Q566-25BCD323-CF80-48E6-A4BA-4D5AC4B01382,Author,1,Sofia,Zapounidou,Sofia Zapounidou,Sofia Zapounidou,Sofia Zapounidou,Sofia Zapounidou
https://dhwiki.wikibase.cloud/entity/Q284,https://dhwiki.wikibase.cloud/entity/statement/Q284-30D0777F-094C-4CD0-ABF2-6E198F5938ED,Author,1,Fudie,Zhao,Fudie Zhao,Fudie Zhao,Fudie Zhao,Fudie Zhao
https://dhwiki.wikibase.cloud/entity/Q549,https://dhwiki.wikibase.cloud/entity/statement/Q549-D4AC7107-0303-4E05-A8FF-40985F7177C4,Author,4,Lu,Zhou,Lu Zhou,Lu Zhou,Lu Zhou,Lu Zhou
https://dhwiki.wikibase.cloud/entity/Q568,https://dhwiki.wikibase.cloud/entity/statement/Q568-EE1B0295-E458-472E-9D43-081502A64C7F,Editor,6,Antoine,Zimmermann,Antoine Zimmermann,Antoine Zimmermann,Antoine Zimmermann,Antoine Zimmermann
https://dhwiki.wikibase.cloud/entity/Q569,https://dhwiki.wikibase.cloud/entity/statement/Q569-B6E1BA94-DEE5-424D-8605-E6A9F8CE7946,Editor,2,Tanara,Zingano Kuhn,Tanara Zingano Kuhn,Tanara Zingano Kuhn,Tanara Zingano Kuhn,Tanara Zingano Kuhn
https://dhwiki.wikibase.cloud/entity/Q277,https://dhwiki.wikibase.cloud/entity/statement/Q277-85A48638-5830-490D-ADAA-E99267E2B5E1,Editor,7,Ester,Zumpano,Ester Zumpano,Ester Zumpano,Ester Zumpano,Ester Zumpano
https://dhwiki.wikibase.cloud/entity/Q575,https://dhwiki.wikibase.cloud/entity/statement/Q575-163F7943-4B83-47FE-B13C-91FAEAF34A5E,Author,9,Carlo Maria,Zwolf,Carlo Maria Zwolf,Carlo Maria Zwolf,Carlo Maria Zwolf,Carlo Maria Zwolf
https://dhwiki.wikibase.cloud/entity/Q574,https://dhwiki.wikibase.cloud/entity/statement/Q574-67173093-D40A-418F-BF6F-C47F6B4231CE,Author,3,Jesse,de Does,Jesse de Does,Jesse de Does,Jesse de Does,Jesse de Does
https://dhwiki.wikibase.cloud/entity/Q568,https://dhwiki.wikibase.cloud/entity/statement/Q568-E7ED7AA6-9A52-4115-BE02-61914A2AC27A,Editor,4,Claudia,d’Amato,Claudia d’Amato,Claudia d’Amato,Claudia d’Amato,Claudia d’Amato
https://dhwiki.wikibase.cloud/entity/Q218,https://dhwiki.wikibase.cloud/entity/statement/Q218-C8DBEE10-05BE-472A-9171-F1AA49B93422,Author,3,Branislava,Šandrih Todorović,Branislava Šandrih Todorović,Branislava Šandrih Todorović,Branislava Šandrih Todorović,Branislava Šandrih Todorović
https://dhwiki.wikibase.cloud/entity/Q537,https://dhwiki.wikibase.cloud/entity/statement/Q537-897FECFC-1CBC-4E97-BBC6-DE23233A9A93,Author,3,Petra,Šťastná,Petra Šťastná,Petra Šťastná,Petra Šťastná,Petra Šťastná
