bibItem,creatorstatement,propLabel,listpos,givenName,lastName,fullName,fullName_clusters,fullName_recon_Wikidata,fullName_recon_Wikibase
https://dhwiki.wikibase.cloud/entity/Q275,https://dhwiki.wikibase.cloud/entity/statement/Q275-2B560BEB-D19C-4DDD-8B2F-74800BB68DE1,Editor,1,,,Centro de Fotografía de Motevideo,Centro de Fotografía de Motevideo,Centro de Fotografía de Motevideo,Centro de Fotografía de Motevideo
https://dhwiki.wikibase.cloud/entity/Q207,https://dhwiki.wikibase.cloud/entity/statement/Q207-0B777160-979F-4C87-ADAB-520E4C7F5D99,Author,1,,,Gustavo Candela,Gustavo Candela,Gustavo Candela,Gustavo Candela
https://dhwiki.wikibase.cloud/entity/Q250,https://dhwiki.wikibase.cloud/entity/statement/Q250-04B469C3-D352-4CAA-8DF2-AC9F55CB745E,Author,1,,,"European Commission. Directorate General for Communications Networks, Content and Technology.","European Commission. Directorate General for Communications Networks, Content and Technology.","European Commission. Directorate General for Communications Networks, Content and Technology.","European Commission. Directorate General for Communications Networks, Content and Technology."
https://dhwiki.wikibase.cloud/entity/Q273,https://dhwiki.wikibase.cloud/entity/statement/Q273-485519D9-A015-4E67-8B08-1C800BF549AF,Author,4,,,"Mignosa, A.","Mignosa, A.","Mignosa, A.","Mignosa, A."
https://dhwiki.wikibase.cloud/entity/Q273,https://dhwiki.wikibase.cloud/entity/statement/Q273-67FFA8DF-2CE9-46A7-8B69-4891FD7160D1,Author,5,,,"Sani, M.","Sani, M.","Sani, M.","Sani, M."
https://dhwiki.wikibase.cloud/entity/Q273,https://dhwiki.wikibase.cloud/entity/statement/Q273-79D683DC-06A3-4DF7-A736-5E1507887270,Author,1,,,"Corr, S.","Corr, S.","Corr, S.","Corr, S."
https://dhwiki.wikibase.cloud/entity/Q273,https://dhwiki.wikibase.cloud/entity/statement/Q273-CA7433EB-9671-4F81-87A2-C2796CF36225,Author,3,,,"Marçal, E.","Marçal, E.","Marçal, E.","Marçal, E."
https://dhwiki.wikibase.cloud/entity/Q273,https://dhwiki.wikibase.cloud/entity/statement/Q273-F9833E60-4C08-4891-B6B6-938587AC191C,Author,2,,,"Lagerqvist, B.","Lagerqvist, B.","Lagerqvist, B.","Lagerqvist, B."
https://dhwiki.wikibase.cloud/entity/Q259,https://dhwiki.wikibase.cloud/entity/statement/Q259-C33281DA-D4C1-4AFA-BA10-906287BD160F,Author,1,,,"Lezcano González,María Elvira  et al.","Lezcano González,María Elvira  et al.","Lezcano González,María Elvira  et al.","Lezcano González,María Elvira  et al."
https://dhwiki.wikibase.cloud/entity/Q265,https://dhwiki.wikibase.cloud/entity/statement/Q265-B2B72BE7-47D0-4818-A239-DC3E7787696E,Author,1,,,Carolina Matos,Carolina Matos,Carolina Matos,Carolina Matos
https://dhwiki.wikibase.cloud/entity/Q269,https://dhwiki.wikibase.cloud/entity/statement/Q269-1BC4F41D-B395-4563-A454-F814D7A3B1E7,Author,5,,,Newman C.,Newman C.,Newman C.,Newman C.
https://dhwiki.wikibase.cloud/entity/Q269,https://dhwiki.wikibase.cloud/entity/statement/Q269-224E9879-507E-4C0A-8C96-BE5779B8A97A,Author,1,,,"Corr, S.","Corr, S.","Corr, S.","Corr, S."
https://dhwiki.wikibase.cloud/entity/Q269,https://dhwiki.wikibase.cloud/entity/statement/Q269-62DDA359-5CFE-4E96-92F3-BB55AF4E10D1,Author,3,,,"Marçal, E.","Marçal, E.","Marçal, E.","Marçal, E."
https://dhwiki.wikibase.cloud/entity/Q269,https://dhwiki.wikibase.cloud/entity/statement/Q269-771BB143-16EF-48D8-9E0B-9E891F09BC7A,Author,2,,,"Lagerqvist, B.","Lagerqvist, B.","Lagerqvist, B.","Lagerqvist, B."
https://dhwiki.wikibase.cloud/entity/Q269,https://dhwiki.wikibase.cloud/entity/statement/Q269-A1D8C28B-CE62-45B1-9B71-17B4760F4077,Author,4,,,"Mignosa, A.","Mignosa, A.","Mignosa, A.","Mignosa, A."
https://dhwiki.wikibase.cloud/entity/Q276,https://dhwiki.wikibase.cloud/entity/statement/Q276-4082BDEC-7E65-4F7F-808D-D2383FFA613B,Author,1,,,"Jose Emilio Labra Gayo, Michelle Pfeiffer , Andra Waagmeester , Maarten Zeinstra, Maarten Brinkerink , Joël Thill , Christel Kayser","Jose Emilio Labra Gayo, Michelle Pfeiffer , Andra Waagmeester , Maarten Zeinstra, Maarten Brinkerink , Joël Thill , Christel Kayser","Jose Emilio Labra Gayo, Michelle Pfeiffer , Andra Waagmeester , Maarten Zeinstra, Maarten Brinkerink , Joël Thill , Christel Kayser","Jose Emilio Labra Gayo, Michelle Pfeiffer , Andra Waagmeester , Maarten Zeinstra, Maarten Brinkerink , Joël Thill , Christel Kayser"
https://dhwiki.wikibase.cloud/entity/Q224,https://dhwiki.wikibase.cloud/entity/statement/Q224-90E83FAA-ED03-4C22-B8D8-312AFD38D2DE,Author,2,Sina,Ahmadi,Sina Ahmadi,Sina Ahmadi,Sina Ahmadi,Sina Ahmadi
https://dhwiki.wikibase.cloud/entity/Q223,https://dhwiki.wikibase.cloud/entity/statement/Q223-ECC6AC10-1431-488C-9701-DF2227A65A63,Editor,1,Harith,Alani,Harith Alani,Harith Alani,Harith Alani,Harith Alani
https://dhwiki.wikibase.cloud/entity/Q230,https://dhwiki.wikibase.cloud/entity/statement/Q230-97BEFCEE-11A0-4744-88E1-FF13E1CBB964,Editor,2,Jon,Alkorta,Jon Alkorta,Jon Alkorta,Jon Alkorta,Jon Alkorta
https://dhwiki.wikibase.cloud/entity/Q230,https://dhwiki.wikibase.cloud/entity/statement/Q230-936A13B7-07AA-492F-98D9-C996D231A0DF,Author,2,Mikel,Alonso,Mikel Alonso,Mikel Alonso,Mikel Alonso,Mikel Alonso
https://dhwiki.wikibase.cloud/entity/Q268,https://dhwiki.wikibase.cloud/entity/statement/Q268-9062FDB2-BF30-477B-B94A-2CCA49B46F05,Author,1,Reinhard,Altenhöner,Reinhard Altenhöner,Reinhard Altenhöner,Reinhard Altenhöner,Reinhard Altenhöner
https://dhwiki.wikibase.cloud/entity/Q230,https://dhwiki.wikibase.cloud/entity/statement/Q230-B9D7CE8B-DFE4-41F5-AFBB-BF4ADE036BF6,Editor,1,Begoña,Altuna,Begoña Altuna,Begoña Altuna,Begoña Altuna,Begoña Altuna
https://dhwiki.wikibase.cloud/entity/Q270,https://dhwiki.wikibase.cloud/entity/statement/Q270-AAB78F81-A47C-4C1D-A49A-893E505E65F8,Author,5,Sarah,Ames,Sarah Ames,Sarah Ames,Sarah Ames,Sarah Ames
https://dhwiki.wikibase.cloud/entity/Q223,https://dhwiki.wikibase.cloud/entity/statement/Q223-909FAF05-EEDB-4657-A125-998CB9AB7CBE,Editor,7,Lora,Aroyo,Lora Aroyo,Lora Aroyo,Lora Aroyo,Lora Aroyo
https://dhwiki.wikibase.cloud/entity/Q230,https://dhwiki.wikibase.cloud/entity/statement/Q230-4092AB1C-40E4-410C-8E96-77F52D282149,Editor,3,Xabier,Arregi,Xabier Arregi,Xabier Arregi,Xabier Arregi,Xabier Arregi
https://dhwiki.wikibase.cloud/entity/Q230,https://dhwiki.wikibase.cloud/entity/statement/Q230-C3A37338-EFFC-45AD-B02C-3CC483F0A8E7,Editor,4,Jose Mari,Arriola,Jose Mari Arriola,Jose Mari Arriola,Jose Mari Arriola,Jose Mari Arriola
https://dhwiki.wikibase.cloud/entity/Q247,https://dhwiki.wikibase.cloud/entity/statement/Q247-596DB0D6-6FA0-4332-B6AB-0FA2BD92F701,Author,2,Aitzol,Astigarraga,Aitzol Astigarraga,Aitzol Astigarraga,Aitzol Astigarraga,Aitzol Astigarraga
https://dhwiki.wikibase.cloud/entity/Q223,https://dhwiki.wikibase.cloud/entity/statement/Q223-38BF50E2-336A-4265-AD19-B6A87AC5FE53,Author,3,Sören,Auer,Sören Auer,Sören Auer,Sören Auer,Sören Auer
https://dhwiki.wikibase.cloud/entity/Q262,https://dhwiki.wikibase.cloud/entity/statement/Q262-895E121F-A243-4AAF-BA36-9199875DDC4A,Author,1,Avgoustinos,Avgousti,Avgoustinos Avgousti,Avgoustinos Avgousti,Avgoustinos Avgousti,Avgoustinos Avgousti
https://dhwiki.wikibase.cloud/entity/Q216,https://dhwiki.wikibase.cloud/entity/statement/Q216-C85DEF9D-5AEC-4F3A-B0FB-BD8931CF4BEC,Author,1,Cristian,Bacchi,Cristian Bacchi,Cristian Bacchi,Cristian Bacchi,Cristian Bacchi
https://dhwiki.wikibase.cloud/entity/Q286,https://dhwiki.wikibase.cloud/entity/statement/Q286-64BC0925-2888-41B0-A06B-1A9688FDBEB8,Author,1,Greta,Bahnemann,Greta Bahnemann,Greta Bahnemann,Greta Bahnemann,Greta Bahnemann
https://dhwiki.wikibase.cloud/entity/Q228,https://dhwiki.wikibase.cloud/entity/statement/Q228-C7C95247-DB7E-4D1B-BDAD-9F5046159DFA,Editor,6,Vít,Baisa,Vít Baisa,Vít Baisa,Vít Baisa,Vít Baisa
https://dhwiki.wikibase.cloud/entity/Q271,https://dhwiki.wikibase.cloud/entity/statement/Q271-5B08BDA1-3B86-4A94-94A0-98234747C91A,Author,1,Chryssoula,Bekiari,Chryssoula Bekiari,Chryssoula Bekiari,Chryssoula Bekiari,Chryssoula Bekiari
https://dhwiki.wikibase.cloud/entity/Q216,https://dhwiki.wikibase.cloud/entity/statement/Q216-ABD6E3C6-81B3-4F78-A30B-9E6B3872D97E,Author,2,Giovanni,Bergamin,Giovanni Bergamin,Giovanni Bergamin,Giovanni Bergamin,Giovanni Bergamin
https://dhwiki.wikibase.cloud/entity/Q268,https://dhwiki.wikibase.cloud/entity/statement/Q268-C0AAD10D-3543-4573-A47E-07F38B637A79,Author,2,Andreas,Berger,Andreas Berger,Andreas Berger,Andreas Berger,Andreas Berger
https://dhwiki.wikibase.cloud/entity/Q243,https://dhwiki.wikibase.cloud/entity/statement/Q243-18C866C5-A592-435F-BB2B-ED490BC55361,Editor,3,Abraham,Bernstein,Abraham Bernstein,Abraham Bernstein,Abraham Bernstein,Abraham Bernstein
https://dhwiki.wikibase.cloud/entity/Q280,https://dhwiki.wikibase.cloud/entity/statement/Q280-793A2B81-42B7-47CF-B5D6-F75F336885B0,Author,1,Carlo,Bianchini,Carlo Bianchini,Carlo Bianchini,Carlo Bianchini,Carlo Bianchini
https://dhwiki.wikibase.cloud/entity/Q247,https://dhwiki.wikibase.cloud/entity/statement/Q247-7DA2E5B1-3A51-400D-9789-FF3A812452AB,Author,3,Marije,Bidaguren,Marije Bidaguren,Marije Bidaguren,Marije Bidaguren,Marije Bidaguren
https://dhwiki.wikibase.cloud/entity/Q237,https://dhwiki.wikibase.cloud/entity/statement/Q237-12BAC1C6-2485-4C2D-9E49-03A380B82989,Author,5,Adrian,Bielefeldt,Adrian Bielefeldt,Adrian Bielefeldt,Adrian Bielefeldt,Adrian Bielefeldt
https://dhwiki.wikibase.cloud/entity/Q223,https://dhwiki.wikibase.cloud/entity/statement/Q223-94EFFD29-3168-4C88-8B9B-8471BA2B3117,Editor,5,Chris,Biemann,Chris Biemann,Chris Biemann,Chris Biemann,Chris Biemann
https://dhwiki.wikibase.cloud/entity/Q217,https://dhwiki.wikibase.cloud/entity/statement/Q217-A04A9C83-81DD-408C-A2FD-B9D56CEA30EE,Editor,3,Philippe,Blache,Philippe Blache,Philippe Blache,Philippe Blache,Philippe Blache
https://dhwiki.wikibase.cloud/entity/Q251,https://dhwiki.wikibase.cloud/entity/statement/Q251-19D8FB1E-BFA0-4275-9A31-E0CAC4761C14,Editor,1,Eva,Blomqvist,Eva Blomqvist,Eva Blomqvist,Eva Blomqvist,Eva Blomqvist
https://dhwiki.wikibase.cloud/entity/Q249,https://dhwiki.wikibase.cloud/entity/statement/Q249-18DDD386-11FD-48F3-A92E-54B220350CF5,Author,3,Ina,Blümel,Ina Blümel,Ina Blümel,Ina Blümel,Ina Blümel
https://dhwiki.wikibase.cloud/entity/Q237,https://dhwiki.wikibase.cloud/entity/statement/Q237-1D1A8D12-22AA-430A-806A-AAF6D7938226,Editor,2,Kalina,Bontcheva,Kalina Bontcheva,Kalina Bontcheva,Kalina Bontcheva,Kalina Bontcheva
https://dhwiki.wikibase.cloud/entity/Q228,https://dhwiki.wikibase.cloud/entity/statement/Q228-40AF06D5-D401-4D50-8B88-C8BEC105823B,Author,2,Julia,Bosque-Gil,Julia Bosque-Gil,Julia Bosque-Gil,Julia Bosque-Gil,Julia Bosque-Gil
https://dhwiki.wikibase.cloud/entity/Q272,https://dhwiki.wikibase.cloud/entity/statement/Q272-EEC0FAB8-AB20-4B88-B2D2-307DB80E9E00,Author,1,Lina,Bountouri,Lina Bountouri,Lina Bountouri,Lina Bountouri,Lina Bountouri
https://dhwiki.wikibase.cloud/entity/Q254,https://dhwiki.wikibase.cloud/entity/statement/Q254-1FC1CA14-73FB-4E10-B45A-A44203853A3E,Author,1,Lina,Bountouri,Lina Bountouri,Lina Bountouri,Lina Bountouri,Lina Bountouri
https://dhwiki.wikibase.cloud/entity/Q264,https://dhwiki.wikibase.cloud/entity/statement/Q264-65051153-4694-4661-BAF0-4231D4E4A070,Author,4,Lina,Bountouri,Lina Bountouri,Lina Bountouri,Lina Bountouri,Lina Bountouri
https://dhwiki.wikibase.cloud/entity/Q266,https://dhwiki.wikibase.cloud/entity/statement/Q266-5213BB57-2A3F-46FF-B531-DBCC456EB603,Author,1,Lina,Bountouri,Lina Bountouri,Lina Bountouri,Lina Bountouri,Lina Bountouri
https://dhwiki.wikibase.cloud/entity/Q283,https://dhwiki.wikibase.cloud/entity/statement/Q283-CC7A6E2A-5AAB-4428-B218-E5A83EEB8F6F,Author,2,Lina,Bountouri,Lina Bountouri,Lina Bountouri,Lina Bountouri,Lina Bountouri
https://dhwiki.wikibase.cloud/entity/Q268,https://dhwiki.wikibase.cloud/entity/statement/Q268-305A5B55-2104-471D-9A98-D0C102F1280F,Author,3,Christian,Bracht,Christian Bracht,Christian Bracht,Christian Bracht,Christian Bracht
https://dhwiki.wikibase.cloud/entity/Q223,https://dhwiki.wikibase.cloud/entity/statement/Q223-20DC65C0-7E49-4060-AC6C-0CEFD1B89005,Author,4,Martin,Brümmer,Martin Brümmer,Martin Brümmer,Martin Brümmer,Martin Brümmer
https://dhwiki.wikibase.cloud/entity/Q228,https://dhwiki.wikibase.cloud/entity/statement/Q228-6522B125-F9B3-497F-90CA-1CABB974730B,Author,4,Paul,Buitelaar,Paul Buitelaar,Paul Buitelaar,Paul Buitelaar,Paul Buitelaar
https://dhwiki.wikibase.cloud/entity/Q240,https://dhwiki.wikibase.cloud/entity/statement/Q240-3D207171-55F0-4AF9-BF31-6234373FD1BC,Author,3,Sebastian,Burgstaller-Muehlbacher,Sebastian Burgstaller-Muehlbacher,Sebastian Burgstaller-Muehlbacher,Sebastian Burgstaller-Muehlbacher,Sebastian Burgstaller-Muehlbacher
https://dhwiki.wikibase.cloud/entity/Q257,https://dhwiki.wikibase.cloud/entity/statement/Q257-283C140E-6237-4292-B8EE-074D8EFA666F,Author,3,Sebastian,Burgstaller-Muehlbacher,Sebastian Burgstaller-Muehlbacher,Sebastian Burgstaller-Muehlbacher,Sebastian Burgstaller-Muehlbacher,Sebastian Burgstaller-Muehlbacher
https://dhwiki.wikibase.cloud/entity/Q217,https://dhwiki.wikibase.cloud/entity/statement/Q217-DC919422-7A45-4198-8F8F-E8205455E7DD,Editor,2,Frédéric,Béchet,Frédéric Béchet,Frédéric Béchet,Frédéric Béchet,Frédéric Béchet
https://dhwiki.wikibase.cloud/entity/Q217,https://dhwiki.wikibase.cloud/entity/statement/Q217-6DE41AB2-F872-4521-A900-2B06CA54E685,Editor,1,Nicoletta,Calzolari,Nicoletta Calzolari,Nicoletta Calzolari,Nicoletta Calzolari,Nicoletta Calzolari
https://dhwiki.wikibase.cloud/entity/Q211,https://dhwiki.wikibase.cloud/entity/statement/Q211-A555BDB2-2B30-4ADC-99E1-BA465A849782,Author,1,Gustavo,Candela,Gustavo Candela,Gustavo Candela,Gustavo Candela,Gustavo Candela
https://dhwiki.wikibase.cloud/entity/Q270,https://dhwiki.wikibase.cloud/entity/statement/Q270-EF4140B0-5D2F-432B-AF9B-41A0F1973264,Author,1,Gustavo,Candela,Gustavo Candela,Gustavo Candela,Gustavo Candela,Gustavo Candela
https://dhwiki.wikibase.cloud/entity/Q286,https://dhwiki.wikibase.cloud/entity/statement/Q286-E63973D3-6021-4753-9001-277BDFE47EF8,Author,2,Michael,Carroll,Michael Carroll,Michael Carroll,Michael Carroll,Michael Carroll
https://dhwiki.wikibase.cloud/entity/Q226,https://dhwiki.wikibase.cloud/entity/statement/Q226-C7CA6488-12F7-4195-BB5F-98CC16E289DF,Author,3,Valeria,Caruso,Valeria Caruso,Valeria Caruso,Valeria Caruso,Valeria Caruso
https://dhwiki.wikibase.cloud/entity/Q277,https://dhwiki.wikibase.cloud/entity/statement/Q277-AB72505B-89AF-43BD-8D76-9AEFFEEAB5AC,Editor,5,Barbara,Catania,Barbara Catania,Barbara Catania,Barbara Catania,Barbara Catania
https://dhwiki.wikibase.cloud/entity/Q237,https://dhwiki.wikibase.cloud/entity/statement/Q237-6980210D-E547-43FB-970A-792D668633B2,Editor,5,Irene,Celino,Irene Celino,Irene Celino,Irene Celino,Irene Celino
https://dhwiki.wikibase.cloud/entity/Q277,https://dhwiki.wikibase.cloud/entity/statement/Q277-D41AF887-CC4E-419B-B562-88D787A605F2,Editor,2,Tania,Cerquitelli,Tania Cerquitelli,Tania Cerquitelli,Tania Cerquitelli,Tania Cerquitelli
https://dhwiki.wikibase.cloud/entity/Q210,https://dhwiki.wikibase.cloud/entity/statement/Q210-03E54F28-9551-4E65-AD6F-8C702CC926FB,Author,1,Sally,Chambers,Sally Chambers,Sally Chambers,Sally Chambers,Sally Chambers
https://dhwiki.wikibase.cloud/entity/Q270,https://dhwiki.wikibase.cloud/entity/statement/Q270-909FAB1B-C9B5-449A-8667-3AAF28DCFC64,Author,3,Sally,Chambers,Sally Chambers,Sally Chambers,Sally Chambers,Sally Chambers
https://dhwiki.wikibase.cloud/entity/Q271,https://dhwiki.wikibase.cloud/entity/statement/Q271-1B5E6B44-CD42-4438-93F5-E69ECB94DFF4,Author,2,Leda,Charami,Leda Charami,Leda Charami,Leda Charami,Leda Charami
https://dhwiki.wikibase.cloud/entity/Q266,https://dhwiki.wikibase.cloud/entity/statement/Q266-447F0630-9AE1-475C-9358-CF9A04C115FE,Editor,2,Shu-Jiun,Chen,Shu-Jiun Chen,Shu-Jiun Chen,Shu-Jiun Chen,Shu-Jiun Chen
https://dhwiki.wikibase.cloud/entity/Q213,https://dhwiki.wikibase.cloud/entity/statement/Q213-A3404ECB-C667-4CE7-BE25-559044CB4A70,Editor,2,Christian,Chiarcos,Christian Chiarcos,Christian Chiarcos,Christian Chiarcos,Christian Chiarcos
https://dhwiki.wikibase.cloud/entity/Q277,https://dhwiki.wikibase.cloud/entity/statement/Q277-00F4BE6B-1F0E-45D8-B79C-A94DB071BC15,Editor,1,Silvia,Chiusano,Silvia Chiusano,Silvia Chiusano,Silvia Chiusano,Silvia Chiusano
https://dhwiki.wikibase.cloud/entity/Q217,https://dhwiki.wikibase.cloud/entity/statement/Q217-6E2D7DEA-08BD-4DDB-AE19-C954E2F747EE,Editor,4,Khalid,Choukri,Khalid Choukri,Khalid Choukri,Khalid Choukri,Khalid Choukri
https://dhwiki.wikibase.cloud/entity/Q217,https://dhwiki.wikibase.cloud/entity/statement/Q217-8B934987-C34B-4D90-A95A-A794B45F0B53,Editor,5,Christopher,Cieri,Christopher Cieri,Christopher Cieri,Christopher Cieri,Christopher Cieri
https://dhwiki.wikibase.cloud/entity/Q228,https://dhwiki.wikibase.cloud/entity/statement/Q228-E1248491-92B1-491A-ACA9-5F2A796D772C,Author,5,Philipp,Cimiano,Philipp Cimiano,Philipp Cimiano,Philipp Cimiano,Philipp Cimiano
https://dhwiki.wikibase.cloud/entity/Q251,https://dhwiki.wikibase.cloud/entity/statement/Q251-49E6E487-4533-4F47-8B10-9F673BE7CA8B,Editor,5,Fabio,Ciravegna,Fabio Ciravegna,Fabio Ciravegna,Fabio Ciravegna,Fabio Ciravegna
https://dhwiki.wikibase.cloud/entity/Q286,https://dhwiki.wikibase.cloud/entity/statement/Q286-7AE350B7-1885-4A6C-82E0-C21A400837A3,Author,3,Paul,Clough,Paul Clough,Paul Clough,Paul Clough,Paul Clough
https://dhwiki.wikibase.cloud/entity/Q282,https://dhwiki.wikibase.cloud/entity/statement/Q282-BBDCEBED-486A-4DBB-BDC9-67C27F5D7F18,Author,3,Euan,Cochrane,Euan Cochrane,Euan Cochrane,Euan Cochrane,Euan Cochrane
https://dhwiki.wikibase.cloud/entity/Q260,https://dhwiki.wikibase.cloud/entity/statement/Q260-347C550C-E4B7-42DC-A3FB-8FB39AB7E9C6,Author,2,Jean-Marc,Comment,Jean-Marc Comment,Jean-Marc Comment,Jean-Marc Comment,Jean-Marc Comment
https://dhwiki.wikibase.cloud/entity/Q255,https://dhwiki.wikibase.cloud/entity/statement/Q255-B654DE24-67F8-414D-90F5-8DE2EE80AE29,Author,1,Stacey,Cook,Stacey Cook,Stacey Cook,Stacey Cook,Stacey Cook
https://dhwiki.wikibase.cloud/entity/Q267,https://dhwiki.wikibase.cloud/entity/statement/Q267-2D24E0CC-77AB-4001-A0B8-3F71EBDE81C6,Author,2,Rute,Correia,Rute Correia,Rute Correia,Rute Correia,Rute Correia
https://dhwiki.wikibase.cloud/entity/Q266,https://dhwiki.wikibase.cloud/entity/statement/Q266-B66FFDC3-6B9F-47D7-8A04-BFEB510513F3,Author,2,Matthew,Damigos,Matthew Damigos,Matthew Damigos,Matthew Damigos,Matthew Damigos
https://dhwiki.wikibase.cloud/entity/Q208,https://dhwiki.wikibase.cloud/entity/statement/Q208-23CEB733-F5A7-4957-81BF-92D5BB205358,Author,4,Kalan Knudson,Davis,Kalan Knudson Davis,Kalan Knudson Davis,Kalan Knudson Davis,Kalan Knudson Davis
https://dhwiki.wikibase.cloud/entity/Q213,https://dhwiki.wikibase.cloud/entity/statement/Q213-11E81CB5-16CC-4D62-9495-2197CCEA3C19,Author,1,Thierry,Declerck,Thierry Declerck,Thierry Declerck,Thierry Declerck,Thierry Declerck
https://dhwiki.wikibase.cloud/entity/Q213,https://dhwiki.wikibase.cloud/entity/statement/Q213-AA9263A8-530E-4CE6-A61E-E5F709FBE746,Editor,3,Thierry,Declerck,Thierry Declerck,Thierry Declerck,Thierry Declerck,Thierry Declerck
https://dhwiki.wikibase.cloud/entity/Q217,https://dhwiki.wikibase.cloud/entity/statement/Q217-3CA22E10-6907-42A2-AB94-05FCDF6808FB,Editor,6,Thierry,Declerck,Thierry Declerck,Thierry Declerck,Thierry Declerck,Thierry Declerck
https://dhwiki.wikibase.cloud/entity/Q247,https://dhwiki.wikibase.cloud/entity/statement/Q247-BBD28D58-5CEA-437F-89E6-3082837CAEEB,Author,4,Emilio,Delgado,Emilio Delgado,Emilio Delgado,Emilio Delgado,Emilio Delgado
https://dhwiki.wikibase.cloud/entity/Q208,https://dhwiki.wikibase.cloud/entity/statement/Q208-EF69B692-8933-48EB-92DB-DAEA8252AAD0,Author,5,Karen,Detling,Karen Detling,Karen Detling,Karen Detling,Karen Detling
https://dhwiki.wikibase.cloud/entity/Q270,https://dhwiki.wikibase.cloud/entity/statement/Q270-95E894C7-2EAC-4AE9-A4A4-CCA22A37775F,Author,4,Milena,Dobreva,Milena Dobreva,Milena Dobreva,Milena Dobreva,Milena Dobreva
https://dhwiki.wikibase.cloud/entity/Q215,https://dhwiki.wikibase.cloud/entity/statement/Q215-733593C7-2972-466E-8F42-F4355AA7A4DC,Author,1,Kata,Dobás,Kata Dobás,Kata Dobás,Kata Dobás,Kata Dobás
https://dhwiki.wikibase.cloud/entity/Q283,https://dhwiki.wikibase.cloud/entity/statement/Q283-8892F41E-CA7B-4C74-869D-606CA239EA33,Editor,1,Juan Manuel,Dodero,Juan Manuel Dodero,Juan Manuel Dodero,Juan Manuel Dodero,Juan Manuel Dodero
https://dhwiki.wikibase.cloud/entity/Q271,https://dhwiki.wikibase.cloud/entity/statement/Q271-11E3D02D-69A6-4835-B724-DD219B5C4455,Author,3,Martin,Doerr,Martin Doerr,Martin Doerr,Martin Doerr,Martin Doerr
https://dhwiki.wikibase.cloud/entity/Q266,https://dhwiki.wikibase.cloud/entity/statement/Q266-26D55FB4-444C-44B9-82A3-1CCD301B055A,Author,3,Markella,Drakiou,Markella Drakiou,Markella Drakiou,Markella Drakiou,Markella Drakiou
https://dhwiki.wikibase.cloud/entity/Q249,https://dhwiki.wikibase.cloud/entity/statement/Q249-C7E1EB85-8D1A-41BF-9680-E926E9ABC1EE,Author,2,Paul,Duchesne,Paul Duchesne,Paul Duchesne,Paul Duchesne,Paul Duchesne
https://dhwiki.wikibase.cloud/entity/Q286,https://dhwiki.wikibase.cloud/entity/statement/Q286-45282984-97E5-4E76-8482-A914B1ACCD41,Author,4,Mario,Einaudi,Mario Einaudi,Mario Einaudi,Mario Einaudi,Mario Einaudi
https://dhwiki.wikibase.cloud/entity/Q243,https://dhwiki.wikibase.cloud/entity/statement/Q243-BDD19EC9-8331-40EB-A229-AF5F1BA040BD,Author,1,Fredo,Erxleben,Fredo Erxleben,Fredo Erxleben,Fredo Erxleben,Fredo Erxleben
https://dhwiki.wikibase.cloud/entity/Q211,https://dhwiki.wikibase.cloud/entity/statement/Q211-ECD7B3DE-B76D-4ECA-82B2-12784B173A8E,Author,3,MPilar,Escobar Esteban,MPilar Escobar Esteban,MPilar Escobar Esteban,MPilar Escobar Esteban,MPilar Escobar Esteban
https://dhwiki.wikibase.cloud/entity/Q208,https://dhwiki.wikibase.cloud/entity/statement/Q208-1F665680-F0B4-49E0-BEF7-0335E6DAB183,Author,6,Christine Fernsebner,Eslao,Christine Fernsebner Eslao,Christine Fernsebner Eslao,Christine Fernsebner Eslao,Christine Fernsebner Eslao
https://dhwiki.wikibase.cloud/entity/Q230,https://dhwiki.wikibase.cloud/entity/statement/Q230-29EE190B-4B42-40CA-B505-9D1043F54EE3,Editor,5,Ainara,Estarrona,Ainara Estarrona,Ainara Estarrona,Ainara Estarrona,Ainara Estarrona
https://dhwiki.wikibase.cloud/entity/Q286,https://dhwiki.wikibase.cloud/entity/statement/Q286-7D83C92D-393F-4337-BF9E-5190A7EA5D5A,Author,5,Chatham,Ewing,Chatham Ewing,Chatham Ewing,Chatham Ewing,Chatham Ewing
https://dhwiki.wikibase.cloud/entity/Q245,https://dhwiki.wikibase.cloud/entity/statement/Q245-E5C53E3F-F5EE-4227-8AF6-A7343DB39D58,Author,1,Mariam,Farda-Sarbas,Mariam Farda-Sarbas,Mariam Farda-Sarbas,Mariam Farda-Sarbas,Mariam Farda-Sarbas
https://dhwiki.wikibase.cloud/entity/Q267,https://dhwiki.wikibase.cloud/entity/statement/Q267-6466B614-AEDC-4128-B88D-5ACEE0BD8648,Author,1,Alice Santiago,Faria,Alice Santiago Faria,Alice Santiago Faria,Alice Santiago Faria,Alice Santiago Faria
https://dhwiki.wikibase.cloud/entity/Q230,https://dhwiki.wikibase.cloud/entity/statement/Q230-F78055B2-BC4D-4168-95F1-FA7BA4ECFF9F,Editor,6,Aritz,Farwell,Aritz Farwell,Aritz Farwell,Aritz Farwell,Aritz Farwell
https://dhwiki.wikibase.cloud/entity/Q215,https://dhwiki.wikibase.cloud/entity/statement/Q215-A280C13D-7EB1-48E2-9952-1211C782F9ED,Author,2,Zsófia,Fellegi,Zsófia Fellegi,Zsófia Fellegi,Zsófia Fellegi,Zsófia Fellegi
https://dhwiki.wikibase.cloud/entity/Q230,https://dhwiki.wikibase.cloud/entity/statement/Q230-89E0C66A-8B49-43A0-BFCE-01552F7D60EF,Editor,7,Joseba,Fernandez de Landa,Joseba Fernandez de Landa,Joseba Fernandez de Landa,Joseba Fernandez de Landa,Joseba Fernandez de Landa
https://dhwiki.wikibase.cloud/entity/Q270,https://dhwiki.wikibase.cloud/entity/statement/Q270-B81C9478-82F0-4803-B20D-AAAD14F93E71,Author,6,Meghan,Ferriter,Meghan Ferriter,Meghan Ferriter,Meghan Ferriter,Meghan Ferriter
https://dhwiki.wikibase.cloud/entity/Q270,https://dhwiki.wikibase.cloud/entity/statement/Q270-51F5F923-41C5-4216-94F3-A4085F0A45E7,Author,7,Neil,Fitzgerald,Neil Fitzgerald,Neil Fitzgerald,Neil Fitzgerald,Neil Fitzgerald
https://dhwiki.wikibase.cloud/entity/Q223,https://dhwiki.wikibase.cloud/entity/statement/Q223-01DF6A0A-C19A-4C62-A4C3-FC16ADC3235E,Editor,3,Achille,Fokoue,Achille Fokoue,Achille Fokoue,Achille Fokoue,Achille Fokoue
https://dhwiki.wikibase.cloud/entity/Q208,https://dhwiki.wikibase.cloud/entity/statement/Q208-5C3A823A-F6F1-4E96-9231-8A268EA919C8,Author,7,Steven,Folsom,Steven Folsom,Steven Folsom,Steven Folsom,Steven Folsom
https://dhwiki.wikibase.cloud/entity/Q270,https://dhwiki.wikibase.cloud/entity/statement/Q270-CE94ECAB-2821-4267-8FC3-A37E8446E0A8,Author,2,Nele,Gabriëls,Nele Gabriëls,Nele Gabriëls,Nele Gabriëls,Nele Gabriëls
https://dhwiki.wikibase.cloud/entity/Q264,https://dhwiki.wikibase.cloud/entity/statement/Q264-B6A46F21-0F4D-4171-861F-8EE95381ACDB,Author,1,Panorea,Gaitanou,Panorea Gaitanou,Panorea Gaitanou,Panorea Gaitanou,Panorea Gaitanou
https://dhwiki.wikibase.cloud/entity/Q283,https://dhwiki.wikibase.cloud/entity/statement/Q283-814096CF-593C-4853-BE73-DB7BDB98F473,Author,1,Panorea,Gaitanou,Panorea Gaitanou,Panorea Gaitanou,Panorea Gaitanou,Panorea Gaitanou
https://dhwiki.wikibase.cloud/entity/Q241,https://dhwiki.wikibase.cloud/entity/statement/Q241-D6A6FB58-40F5-40B1-8E06-AFECB61D5154,Author,3,Elena,García-Barriocanal,Elena García-Barriocanal,Elena García-Barriocanal,Elena García-Barriocanal,Elena García-Barriocanal
https://dhwiki.wikibase.cloud/entity/Q264,https://dhwiki.wikibase.cloud/entity/statement/Q264-A93DE19B-E670-441D-A5D0-EA5D2475B24D,Editor,1,Emmanouel,Garoufallou,Emmanouel Garoufallou,Emmanouel Garoufallou,Emmanouel Garoufallou,Emmanouel Garoufallou
https://dhwiki.wikibase.cloud/entity/Q209,https://dhwiki.wikibase.cloud/entity/statement/Q209-0260A955-6494-4998-ADE4-938550496051,Author,1,Jose Emilio Labra,Gayo,Jose Emilio Labra Gayo,Jose Emilio Labra Gayo,Jose Emilio Labra Gayo,Jose Emilio Labra Gayo
https://dhwiki.wikibase.cloud/entity/Q271,https://dhwiki.wikibase.cloud/entity/statement/Q271-C9584598-D93C-4EFA-85A9-D8A80B825CFC,Author,4,Christos,Georgis,Christos Georgis,Christos Georgis,Christos Georgis,Christos Georgis
https://dhwiki.wikibase.cloud/entity/Q254,https://dhwiki.wikibase.cloud/entity/statement/Q254-82F712E5-ED81-4B23-A4E0-D354E6111C31,Author,2,Manolis,Gergatsoulis,Manolis Gergatsoulis,Manolis Gergatsoulis,Manolis Gergatsoulis,Manolis Gergatsoulis
https://dhwiki.wikibase.cloud/entity/Q264,https://dhwiki.wikibase.cloud/entity/statement/Q264-8CA7AF98-AFCB-4AC8-A03D-40EE5B6528BD,Author,2,Manolis,Gergatsoulis,Manolis Gergatsoulis,Manolis Gergatsoulis,Manolis Gergatsoulis,Manolis Gergatsoulis
https://dhwiki.wikibase.cloud/entity/Q266,https://dhwiki.wikibase.cloud/entity/statement/Q266-D8B7DAA9-F1ED-4C5A-9DD7-1256D3BB86E6,Author,4,Manolis,Gergatsoulis,Manolis Gergatsoulis,Manolis Gergatsoulis,Manolis Gergatsoulis,Manolis Gergatsoulis
https://dhwiki.wikibase.cloud/entity/Q283,https://dhwiki.wikibase.cloud/entity/statement/Q283-3FF29B9E-8BD6-4AC9-B82A-3AAFDF0F8096,Author,3,Manolis,Gergatsoulis,Manolis Gergatsoulis,Manolis Gergatsoulis,Manolis Gergatsoulis,Manolis Gergatsoulis
https://dhwiki.wikibase.cloud/entity/Q222,https://dhwiki.wikibase.cloud/entity/statement/Q222-C7E0E904-449D-403D-BFF2-BB0DBB0F9709,Author,4,Katerina,Gkirtzou,Katerina Gkirtzou,Katerina Gkirtzou,Katerina Gkirtzou,Katerina Gkirtzou
https://dhwiki.wikibase.cloud/entity/Q243,https://dhwiki.wikibase.cloud/entity/statement/Q243-D9F433F4-A7F7-4840-9B24-1C207C0D4BB4,Editor,10,Carole,Goble,Carole Goble,Carole Goble,Carole Goble,Carole Goble
https://dhwiki.wikibase.cloud/entity/Q208,https://dhwiki.wikibase.cloud/entity/statement/Q208-BF80638C-C5F7-4EE2-83FD-74E06E662175,Author,1,Jean,Godby,Jean Godby,Jean Godby,Jean Godby,Jean Godby
https://dhwiki.wikibase.cloud/entity/Q230,https://dhwiki.wikibase.cloud/entity/statement/Q230-394FE028-F896-4B26-A5CA-AAD2817472F7,Editor,8,Xabier,Goenaga,Xabier Goenaga,Xabier Goenaga,Xabier Goenaga,Xabier Goenaga
https://dhwiki.wikibase.cloud/entity/Q217,https://dhwiki.wikibase.cloud/entity/statement/Q217-DAF5B46F-F829-484E-8FD8-D55C3B3582A7,Editor,7,Sara,Goggi,Sara Goggi,Sara Goggi,Sara Goggi,Sara Goggi
https://dhwiki.wikibase.cloud/entity/Q266,https://dhwiki.wikibase.cloud/entity/statement/Q266-94F63204-A328-4195-B1EE-A959687E85A8,Editor,1,Dion H.,Goh,Dion H. Goh,Dion H. Goh,Dion H. Goh,Dion H. Goh
https://dhwiki.wikibase.cloud/entity/Q237,https://dhwiki.wikibase.cloud/entity/statement/Q237-FB9C25B1-08FD-4828-8C6D-BB500260E184,Author,4,Julius,Gonsior,Julius Gonsior,Julius Gonsior,Julius Gonsior,Julius Gonsior
https://dhwiki.wikibase.cloud/entity/Q247,https://dhwiki.wikibase.cloud/entity/statement/Q247-75227097-6D9C-4A16-9C43-8F69E31E297A,Author,5,Galder,Gonzalez,Galder Gonzalez,Galder Gonzalez,Galder Gonzalez,Galder Gonzalez
https://dhwiki.wikibase.cloud/entity/Q237,https://dhwiki.wikibase.cloud/entity/statement/Q237-D6EDD90F-027D-4E46-906F-8D1C8E021874,Author,3,Larry,González,Larry González,Larry González,Larry González,Larry González
https://dhwiki.wikibase.cloud/entity/Q240,https://dhwiki.wikibase.cloud/entity/statement/Q240-869DEA0A-C3E7-4089-B94C-99E19E223705,Author,4,Benjamin M,Good,Benjamin M Good,Benjamin M Good,Benjamin M Good,Benjamin M Good
https://dhwiki.wikibase.cloud/entity/Q257,https://dhwiki.wikibase.cloud/entity/statement/Q257-9C0B86D2-009F-4ADB-950D-2F711254B13F,Author,4,Benjamin M.,Good,Benjamin M. Good,Benjamin M. Good,Benjamin M. Good,Benjamin M. Good
https://dhwiki.wikibase.cloud/entity/Q228,https://dhwiki.wikibase.cloud/entity/statement/Q228-787352D3-781F-44EE-8B8F-E92C93329825,Author,3,Jorge,Gracia,Jorge Gracia,Jorge Gracia,Jorge Gracia,Jorge Gracia
https://dhwiki.wikibase.cloud/entity/Q213,https://dhwiki.wikibase.cloud/entity/statement/Q213-9980F5F8-3AF5-47E8-BEBC-30F7E2AB7727,Editor,4,Jorge,Gracia,Jorge Gracia,Jorge Gracia,Jorge Gracia,Jorge Gracia
https://dhwiki.wikibase.cloud/entity/Q264,https://dhwiki.wikibase.cloud/entity/statement/Q264-4AE7B604-337B-480C-A4C9-4E7B5F2DBFC8,Editor,4,Jane,Greenberg,Jane Greenberg,Jane Greenberg,Jane Greenberg,Jane Greenberg
https://dhwiki.wikibase.cloud/entity/Q240,https://dhwiki.wikibase.cloud/entity/statement/Q240-FB6B0BAE-AF1B-49F2-8D86-B67F92B768FB,Author,5,Malachi,Griffith,Malachi Griffith,Malachi Griffith,Malachi Griffith,Malachi Griffith
https://dhwiki.wikibase.cloud/entity/Q257,https://dhwiki.wikibase.cloud/entity/statement/Q257-5FB49CC8-5F8F-441A-8D08-8359E49A9D87,Author,5,Malachi,Griffith,Malachi Griffith,Malachi Griffith,Malachi Griffith,Malachi Griffith
https://dhwiki.wikibase.cloud/entity/Q257,https://dhwiki.wikibase.cloud/entity/statement/Q257-22E6197F-F9DF-4B25-B152-D62E0D60E6FC,Author,6,Obi,Griffith,Obi Griffith,Obi Griffith,Obi Griffith,Obi Griffith
https://dhwiki.wikibase.cloud/entity/Q240,https://dhwiki.wikibase.cloud/entity/statement/Q240-00C534EC-F286-4F4A-BB4F-076758D3EE0E,Author,6,Obi L,Griffith,Obi L Griffith,Obi L Griffith,Obi L Griffith,Obi L Griffith
https://dhwiki.wikibase.cloud/entity/Q243,https://dhwiki.wikibase.cloud/entity/statement/Q243-C09DC558-89A7-411A-AB5B-CDB6EBE18A74,Editor,7,Paul,Groth,Paul Groth,Paul Groth,Paul Groth,Paul Groth
https://dhwiki.wikibase.cloud/entity/Q223,https://dhwiki.wikibase.cloud/entity/statement/Q223-1D466570-12D9-4DDA-9652-FE61F8277F03,Editor,4,Paul,Groth,Paul Groth,Paul Groth,Paul Groth,Paul Groth
https://dhwiki.wikibase.cloud/entity/Q243,https://dhwiki.wikibase.cloud/entity/statement/Q243-3B969521-5C0C-4E60-886F-20B9ED7C4887,Author,2,Michael,Günther,Michael Günther,Michael Günther,Michael Günther,Michael Günther
https://dhwiki.wikibase.cloud/entity/Q240,https://dhwiki.wikibase.cloud/entity/statement/Q240-67CFDB06-FEBB-4E9E-8FD2-58EAD35F4F0C,Author,7,Kristina,Hanspers,Kristina Hanspers,Kristina Hanspers,Kristina Hanspers,Kristina Hanspers
https://dhwiki.wikibase.cloud/entity/Q257,https://dhwiki.wikibase.cloud/entity/statement/Q257-621A0124-899E-4D0D-A15D-7D74EC93C682,Author,7,Kristina,Hanspers,Kristina Hanspers,Kristina Hanspers,Kristina Hanspers,Kristina Hanspers
https://dhwiki.wikibase.cloud/entity/Q270,https://dhwiki.wikibase.cloud/entity/statement/Q270-D9D8A696-7B90-4F17-83EF-D1E9C10D0D56,Author,8,Victor,Harbo,Victor Harbo,Victor Harbo,Victor Harbo,Victor Harbo
https://dhwiki.wikibase.cloud/entity/Q251,https://dhwiki.wikibase.cloud/entity/statement/Q251-B7A5A837-7565-46CB-9EFE-6161B79840F6,Editor,6,Olaf,Hartig,Olaf Hartig,Olaf Hartig,Olaf Hartig,Olaf Hartig
https://dhwiki.wikibase.cloud/entity/Q223,https://dhwiki.wikibase.cloud/entity/statement/Q223-908E8AB9-8068-4FF2-9D7C-ADA8CABE19A4,Author,1,Sebastian,Hellmann,Sebastian Hellmann,Sebastian Hellmann,Sebastian Hellmann,Sebastian Hellmann
https://dhwiki.wikibase.cloud/entity/Q240,https://dhwiki.wikibase.cloud/entity/statement/Q240-C00DFBE6-D8CE-46DE-A653-21E70AB06D5A,Author,8,Henning,Hermjakob,Henning Hermjakob,Henning Hermjakob,Henning Hermjakob,Henning Hermjakob
https://dhwiki.wikibase.cloud/entity/Q257,https://dhwiki.wikibase.cloud/entity/statement/Q257-A33A47A0-FAD8-4952-9125-6E5258294D60,Author,8,Henning,Hermjakob,Henning Hermjakob,Henning Hermjakob,Henning Hermjakob,Henning Hermjakob
https://dhwiki.wikibase.cloud/entity/Q246,https://dhwiki.wikibase.cloud/entity/statement/Q246-7F30E0A4-9FFD-400C-ADA5-29FEAC4C9975,Author,1,Iván,Hernández Cazorla,Iván Hernández Cazorla,Iván Hernández Cazorla,Iván Hernández Cazorla,Iván Hernández Cazorla
https://dhwiki.wikibase.cloud/entity/Q270,https://dhwiki.wikibase.cloud/entity/statement/Q270-904CBA7B-59CB-4667-A582-97889E5C66CD,Author,9,Katrine,Hofmann,Katrine Hofmann,Katrine Hofmann,Katrine Hofmann,Katrine Hofmann
https://dhwiki.wikibase.cloud/entity/Q270,https://dhwiki.wikibase.cloud/entity/statement/Q270-CB69BEA4-5EB0-40AE-84D8-2EB649EDEA76,Author,10,Olga,Holownia,Olga Holownia,Olga Holownia,Olga Holownia,Olga Holownia
https://dhwiki.wikibase.cloud/entity/Q251,https://dhwiki.wikibase.cloud/entity/statement/Q251-1BC1BD21-EE05-4231-8014-7E2F0D29C602,Editor,2,Katja,Hose,Katja Hose,Katja Hose,Katja Hose,Katja Hose
https://dhwiki.wikibase.cloud/entity/Q226,https://dhwiki.wikibase.cloud/entity/statement/Q226-5F979B45-AEA9-4DD6-B167-BE6C3141A1EC,Author,1,Elwin,Huaman,Elwin Huaman,Elwin Huaman,Elwin Huaman,Elwin Huaman
https://dhwiki.wikibase.cloud/entity/Q226,https://dhwiki.wikibase.cloud/entity/statement/Q226-B1209FAC-ACB3-477D-AAF4-25A9E2229943,Author,4,Jorge Luis,Huaman,Jorge Luis Huaman,Jorge Luis Huaman,Jorge Luis Huaman,Jorge Luis Huaman
https://dhwiki.wikibase.cloud/entity/Q240,https://dhwiki.wikibase.cloud/entity/statement/Q240-43AED07E-CE54-4960-90B0-FAA14C171E87,Author,9,Toby S,Hudson,Toby S Hudson,Toby S Hudson,Toby S Hudson,Toby S Hudson
https://dhwiki.wikibase.cloud/entity/Q257,https://dhwiki.wikibase.cloud/entity/statement/Q257-3BA19DDE-B70B-4B2A-B5C4-83904E3EC5BC,Author,9,Toby S.,Hudson,Toby S. Hudson,Toby S. Hudson,Toby S. Hudson,Toby S. Hudson
https://dhwiki.wikibase.cloud/entity/Q240,https://dhwiki.wikibase.cloud/entity/statement/Q240-0D8B82D1-BAD2-4419-B492-9D6FBDF2C9E3,Author,10,Kevin,Hybiske,Kevin Hybiske,Kevin Hybiske,Kevin Hybiske,Kevin Hybiske
https://dhwiki.wikibase.cloud/entity/Q257,https://dhwiki.wikibase.cloud/entity/statement/Q257-45C33CFA-D181-4D16-99AF-1184EA8C168C,Author,10,Kevin,Hybiske,Kevin Hybiske,Kevin Hybiske,Kevin Hybiske,Kevin Hybiske
https://dhwiki.wikibase.cloud/entity/Q281,https://dhwiki.wikibase.cloud/entity/statement/Q281-D499374B-93CE-4F90-AA93-60380BD4DB05,Editor,1,Eero,Hyvönen,Eero Hyvönen,Eero Hyvönen,Eero Hyvönen,Eero Hyvönen
https://dhwiki.wikibase.cloud/entity/Q277,https://dhwiki.wikibase.cloud/entity/statement/Q277-3987ECDC-7DCA-4B3E-8F2C-1F6A346DB43B,Author,3,Eero,Hyvönen,Eero Hyvönen,Eero Hyvönen,Eero Hyvönen,Eero Hyvönen
https://dhwiki.wikibase.cloud/entity/Q270,https://dhwiki.wikibase.cloud/entity/statement/Q270-48DDB05E-4FFE-4BF4-B68F-929833576DBB,Author,11,Alba,Irollo,Alba Irollo,Alba Irollo,Alba Irollo,Alba Irollo
https://dhwiki.wikibase.cloud/entity/Q230,https://dhwiki.wikibase.cloud/entity/statement/Q230-9289F32E-5BF8-471F-880F-5DB69178DADC,Editor,9,Mikel,Iruskieta,Mikel Iruskieta,Mikel Iruskieta,Mikel Iruskieta,Mikel Iruskieta
https://dhwiki.wikibase.cloud/entity/Q217,https://dhwiki.wikibase.cloud/entity/statement/Q217-A7827833-C3DD-4E27-99F9-D772FBDD37F5,Editor,8,Hitoshi,Isahara,Hitoshi Isahara,Hitoshi Isahara,Hitoshi Isahara,Hitoshi Isahara
https://dhwiki.wikibase.cloud/entity/Q224,https://dhwiki.wikibase.cloud/entity/statement/Q224-FB842EF2-D442-45A3-91FA-E177C9BFE93B,Author,5,Federicia,Iurescia,Federicia Iurescia,Federicia Iurescia,Federicia Iurescia,Federicia Iurescia
https://dhwiki.wikibase.cloud/entity/Q228,https://dhwiki.wikibase.cloud/entity/statement/Q228-7B892006-8512-453C-9B33-3E6D642436AB,Editor,3,Miloš,Jakubíček,Miloš Jakubíček,Miloš Jakubíček,Miloš Jakubíček,Miloš Jakubíček
https://dhwiki.wikibase.cloud/entity/Q243,https://dhwiki.wikibase.cloud/entity/statement/Q243-225871EC-1AA0-4A10-B360-1CF995827A47,Editor,9,Krzysztof,Janowicz,Krzysztof Janowicz,Krzysztof Janowicz,Krzysztof Janowicz,Krzysztof Janowicz
https://dhwiki.wikibase.cloud/entity/Q223,https://dhwiki.wikibase.cloud/entity/statement/Q223-185CEFC4-0F1D-4C20-9E9B-C16B52215131,Editor,10,Krzysztof,Janowicz,Krzysztof Janowicz,Krzysztof Janowicz,Krzysztof Janowicz,Krzysztof Janowicz
https://dhwiki.wikibase.cloud/entity/Q260,https://dhwiki.wikibase.cloud/entity/statement/Q260-FB84A29D-913B-419F-8EA2-201F954638FE,Author,5,Borje,Justrell,Borje Justrell,Borje Justrell,Borje Justrell,Borje Justrell
https://dhwiki.wikibase.cloud/entity/Q237,https://dhwiki.wikibase.cloud/entity/statement/Q237-D05E5377-3B48-4B5A-8BCD-4ACE2DDD24B3,Editor,7,Lucie-Aimée,Kaffee,Lucie-Aimée Kaffee,Lucie-Aimée Kaffee,Lucie-Aimée Kaffee,Lucie-Aimée Kaffee
https://dhwiki.wikibase.cloud/entity/Q223,https://dhwiki.wikibase.cloud/entity/statement/Q223-EFAB3184-FD85-4C93-8185-5BD30259C9DC,Editor,2,Lalana,Kagal,Lalana Kagal,Lalana Kagal,Lalana Kagal,Lalana Kagal
https://dhwiki.wikibase.cloud/entity/Q228,https://dhwiki.wikibase.cloud/entity/statement/Q228-3E122E21-741A-4E08-894E-6633B5697D44,Editor,4,Jelena,Kallas,Jelena Kallas,Jelena Kallas,Jelena Kallas,Jelena Kallas
https://dhwiki.wikibase.cloud/entity/Q266,https://dhwiki.wikibase.cloud/entity/statement/Q266-6BE1A5FB-A245-441A-B4E1-E9D7E1430937,Author,5,Eleftherios,Kalogeros,Eleftherios Kalogeros,Eleftherios Kalogeros,Eleftherios Kalogeros,Eleftherios Kalogeros
https://dhwiki.wikibase.cloud/entity/Q283,https://dhwiki.wikibase.cloud/entity/statement/Q283-173F08D0-B621-47C5-907B-532D20241018,Editor,3,Pythagoras,Karampiperis,Pythagoras Karampiperis,Pythagoras Karampiperis,Pythagoras Karampiperis,Pythagoras Karampiperis
https://dhwiki.wikibase.cloud/entity/Q240,https://dhwiki.wikibase.cloud/entity/statement/Q240-AD17DF87-2810-4534-920E-4370B4C43A79,Author,11,Sarah M,Keating,Sarah M Keating,Sarah M Keating,Sarah M Keating,Sarah M Keating
https://dhwiki.wikibase.cloud/entity/Q277,https://dhwiki.wikibase.cloud/entity/statement/Q277-767ED2D1-A7B6-414E-A994-D946760063B8,Author,1,Joonas,Kesäniemi,Joonas Kesäniemi,Joonas Kesäniemi,Joonas Kesäniemi,Joonas Kesäniemi
https://dhwiki.wikibase.cloud/entity/Q224,https://dhwiki.wikibase.cloud/entity/statement/Q224-63264BBC-EAE4-4067-903D-C7EFE1DAE61C,Author,3,Anas Fahad,Khan,Anas Fahad Khan,Anas Fahad Khan,Anas Fahad Khan,Anas Fahad Khan
https://dhwiki.wikibase.cloud/entity/Q220,https://dhwiki.wikibase.cloud/entity/statement/Q220-65055915-283A-4C33-B12C-8B0C6828ABA6,Author,3,Christiane,Klaes,Christiane Klaes,Christiane Klaes,Christiane Klaes,Christiane Klaes
https://dhwiki.wikibase.cloud/entity/Q222,https://dhwiki.wikibase.cloud/entity/statement/Q222-FEF95351-4D38-462E-95FE-049FE5A1582D,Author,3,Christine,Klaes,Christine Klaes,Christine Klaes,Christine Klaes,Christine Klaes
https://dhwiki.wikibase.cloud/entity/Q213,https://dhwiki.wikibase.cloud/entity/statement/Q213-3C7941DC-C34E-4A39-8421-D11E34C7F61D,Editor,5,Bettina,Klimek,Bettina Klimek,Bettina Klimek,Bettina Klimek,Bettina Klimek
https://dhwiki.wikibase.cloud/entity/Q268,https://dhwiki.wikibase.cloud/entity/statement/Q268-24F56138-0B78-469A-8B02-CB15086CC8FD,Author,4,Paul,Klimpel,Paul Klimpel,Paul Klimpel,Paul Klimpel,Paul Klimpel
https://dhwiki.wikibase.cloud/entity/Q243,https://dhwiki.wikibase.cloud/entity/statement/Q243-A7CFF0BD-B11D-42ED-95DD-58870F8B41E7,Editor,5,Craig,Knoblock,Craig Knoblock,Craig Knoblock,Craig Knoblock,Craig Knoblock
https://dhwiki.wikibase.cloud/entity/Q277,https://dhwiki.wikibase.cloud/entity/statement/Q277-89F4D2C8-D51D-429B-952E-E7C055AE58D7,Author,2,Mikko,Koho,Mikko Koho,Mikko Koho,Mikko Koho,Mikko Koho
https://dhwiki.wikibase.cloud/entity/Q260,https://dhwiki.wikibase.cloud/entity/statement/Q260-728B77F8-A722-4FFC-BB49-BCCA3CACF8E7,Author,7,Sjoerd,Koopman,Sjoerd Koopman,Sjoerd Koopman,Sjoerd Koopman,Sjoerd Koopman
https://dhwiki.wikibase.cloud/entity/Q228,https://dhwiki.wikibase.cloud/entity/statement/Q228-A010FA09-26B4-4C0C-BA01-13A5C3D6A93E,Editor,1,Iztok,Kosem,Iztok Kosem,Iztok Kosem,Iztok Kosem,Iztok Kosem
https://dhwiki.wikibase.cloud/entity/Q228,https://dhwiki.wikibase.cloud/entity/statement/Q228-EAFBA940-0A16-4663-A8C4-3324BB747E5C,Editor,5,Simon,Krek,Simon Krek,Simon Krek,Simon Krek,Simon Krek
https://dhwiki.wikibase.cloud/entity/Q271,https://dhwiki.wikibase.cloud/entity/statement/Q271-5B08721B-5D7B-4DE8-A105-1F8C4C18CCB4,Author,5,Athina,Kritsotaki,Athina Kritsotaki,Athina Kritsotaki,Athina Kritsotaki,Athina Kritsotaki
https://dhwiki.wikibase.cloud/entity/Q217,https://dhwiki.wikibase.cloud/entity/statement/Q217-9265A3C8-3352-4010-A1AB-7F33E95A6BF2,Author,3,Cvetana,Krstev,Cvetana Krstev,Cvetana Krstev,Cvetana Krstev,Cvetana Krstev
https://dhwiki.wikibase.cloud/entity/Q237,https://dhwiki.wikibase.cloud/entity/statement/Q237-376FC1CA-FBEC-4F43-970A-2A4A7F9F45BC,Author,2,Markus,Krötzsch,Markus Krötzsch,Markus Krötzsch,Markus Krötzsch,Markus Krötzsch
https://dhwiki.wikibase.cloud/entity/Q243,https://dhwiki.wikibase.cloud/entity/statement/Q243-CDDC058E-AC46-4A9B-854E-0C1DE48DA126,Author,3,Markus,Krötzsch,Markus Krötzsch,Markus Krötzsch,Markus Krötzsch,Markus Krötzsch
https://dhwiki.wikibase.cloud/entity/Q258,https://dhwiki.wikibase.cloud/entity/statement/Q258-C094739E-50B9-4721-A823-5B5580286BA7,Author,2,Markus,Krötzsch,Markus Krötzsch,Markus Krötzsch,Markus Krötzsch,Markus Krötzsch
https://dhwiki.wikibase.cloud/entity/Q220,https://dhwiki.wikibase.cloud/entity/statement/Q220-2B88F2F4-91C1-408F-88C6-A30FF396EF7D,Author,2,Penny,Labropoulou,Penny Labropoulou,Penny Labropoulou,Penny Labropoulou,Penny Labropoulou
https://dhwiki.wikibase.cloud/entity/Q222,https://dhwiki.wikibase.cloud/entity/statement/Q222-3D1E171F-1B5A-4D53-8FF2-19A90193200A,Author,1,Penny,Labropoulou,Penny Labropoulou,Penny Labropoulou,Penny Labropoulou,Penny Labropoulou
https://dhwiki.wikibase.cloud/entity/Q223,https://dhwiki.wikibase.cloud/entity/statement/Q223-0A847528-1886-42A1-BBD2-B7861EE93E6C,Author,2,Jens,Lehmann,Jens Lehmann,Jens Lehmann,Jens Lehmann,Jens Lehmann
https://dhwiki.wikibase.cloud/entity/Q253,https://dhwiki.wikibase.cloud/entity/statement/Q253-4751E13E-61FE-4512-AA91-69A9C18EA804,Author,1,Mairelys,Lemus-Rojas,Mairelys Lemus-Rojas,Mairelys Lemus-Rojas,Mairelys Lemus-Rojas,Mairelys Lemus-Rojas
https://dhwiki.wikibase.cloud/entity/Q208,https://dhwiki.wikibase.cloud/entity/statement/Q208-03828819-8E7A-4A4C-961B-F5188B4BA629,Author,8,Xiaoli,Li,Xiaoli Li,Xiaoli Li,Xiaoli Li,Xiaoli Li
https://dhwiki.wikibase.cloud/entity/Q247,https://dhwiki.wikibase.cloud/entity/statement/Q247-05B25F49-E083-499D-9686-E62688EBB208,Editor,1,David,Lindemann,David Lindemann,David Lindemann,David Lindemann,David Lindemann
https://dhwiki.wikibase.cloud/entity/Q220,https://dhwiki.wikibase.cloud/entity/statement/Q220-6F0E9AFF-D27D-43CE-8FD7-884F4B8E65BD,Author,1,David,Lindemann,David Lindemann,David Lindemann,David Lindemann,David Lindemann
https://dhwiki.wikibase.cloud/entity/Q222,https://dhwiki.wikibase.cloud/entity/statement/Q222-A75B7747-B95B-4B28-9585-077D64F2BD81,Author,2,David,Lindemann,David Lindemann,David Lindemann,David Lindemann,David Lindemann
https://dhwiki.wikibase.cloud/entity/Q224,https://dhwiki.wikibase.cloud/entity/statement/Q224-290C96A7-3380-4B88-A97B-2E0DEE09AE28,Author,1,David,Lindemann,David Lindemann,David Lindemann,David Lindemann,David Lindemann
https://dhwiki.wikibase.cloud/entity/Q226,https://dhwiki.wikibase.cloud/entity/statement/Q226-E3ED099E-DFFD-4D2B-91D2-A1492402C513,Author,2,David,Lindemann,David Lindemann,David Lindemann,David Lindemann,David Lindemann
https://dhwiki.wikibase.cloud/entity/Q230,https://dhwiki.wikibase.cloud/entity/statement/Q230-77BB6F63-EE4D-4D21-BFDF-6A9878B6A6DF,Author,1,David,Lindemann,David Lindemann,David Lindemann,David Lindemann,David Lindemann
https://dhwiki.wikibase.cloud/entity/Q247,https://dhwiki.wikibase.cloud/entity/statement/Q247-02E858D5-7718-4ABD-A6FA-D23C3BA0F182,Author,1,David,Lindemann,David Lindemann,David Lindemann,David Lindemann,David Lindemann
https://dhwiki.wikibase.cloud/entity/Q256,https://dhwiki.wikibase.cloud/entity/statement/Q256-878D740C-6B4F-479F-8CA6-80E311505C75,Author,3,Stela Nascimento,Madruga,Stela Nascimento Madruga,Stela Nascimento Madruga,Stela Nascimento Madruga,Stela Nascimento Madruga
https://dhwiki.wikibase.cloud/entity/Q217,https://dhwiki.wikibase.cloud/entity/statement/Q217-2E223915-F6EC-496E-A3D7-FF9BD7058D8A,Editor,9,Bente,Maegaard,Bente Maegaard,Bente Maegaard,Bente Maegaard,Bente Maegaard
https://dhwiki.wikibase.cloud/entity/Q270,https://dhwiki.wikibase.cloud/entity/statement/Q270-95A75CA8-0F46-4DC8-8E31-D46D8DDCC8D0,Author,12,Mahendra,Mahey,Mahendra Mahey,Mahendra Mahey,Mahendra Mahey,Mahendra Mahey
https://dhwiki.wikibase.cloud/entity/Q237,https://dhwiki.wikibase.cloud/entity/statement/Q237-53302C43-6706-46C1-8253-3AE3B2F448D4,Author,1,Stanislav,Malyshev,Stanislav Malyshev,Stanislav Malyshev,Stanislav Malyshev,Stanislav Malyshev
https://dhwiki.wikibase.cloud/entity/Q224,https://dhwiki.wikibase.cloud/entity/statement/Q224-9A2D7A73-2DBF-4B42-A85B-D307764BFE81,Author,4,Francesco,Mambrini,Francesco Mambrini,Francesco Mambrini,Francesco Mambrini,Francesco Mambrini
https://dhwiki.wikibase.cloud/entity/Q270,https://dhwiki.wikibase.cloud/entity/statement/Q270-96006564-C832-4EB9-A5BA-BFACF84EE3EB,Author,13,Eileen,Manchester,Eileen Manchester,Eileen Manchester,Eileen Manchester,Eileen Manchester
https://dhwiki.wikibase.cloud/entity/Q240,https://dhwiki.wikibase.cloud/entity/statement/Q240-A747F56F-CA4E-47E0-84AB-6B318893B1D5,Author,12,Magnus,Manske,Magnus Manske,Magnus Manske,Magnus Manske,Magnus Manske
https://dhwiki.wikibase.cloud/entity/Q211,https://dhwiki.wikibase.cloud/entity/statement/Q211-805F52D6-CC6D-4DCA-8DB6-E8C9302BC729,Author,4,Manuel,Marco-Such,Manuel Marco-Such,Manuel Marco-Such,Manuel Marco-Such,Manuel Marco-Such
https://dhwiki.wikibase.cloud/entity/Q217,https://dhwiki.wikibase.cloud/entity/statement/Q217-1675D5DA-7E1C-4110-A7C2-A5259EE3A302,Editor,10,Joseph,Mariani,Joseph Mariani,Joseph Mariani,Joseph Mariani,Joseph Mariani
https://dhwiki.wikibase.cloud/entity/Q240,https://dhwiki.wikibase.cloud/entity/statement/Q240-B600C01F-0D12-44E8-89D3-00CD8A3B2881,Author,13,Michael,Mayers,Michael Mayers,Michael Mayers,Michael Mayers,Michael Mayers
https://dhwiki.wikibase.cloud/entity/Q217,https://dhwiki.wikibase.cloud/entity/statement/Q217-2708DFDB-EBA8-4A66-A701-FD9813644728,Editor,11,Hélène,Mazo,Hélène Mazo,Hélène Mazo,Hélène Mazo,Hélène Mazo
https://dhwiki.wikibase.cloud/entity/Q228,https://dhwiki.wikibase.cloud/entity/statement/Q228-F4CA1CE7-AE2A-4A20-8FDA-3B31300BA3C1,Author,1,John,McCrae,John McCrae,John McCrae,John McCrae,John McCrae
https://dhwiki.wikibase.cloud/entity/Q213,https://dhwiki.wikibase.cloud/entity/statement/Q213-6307D6DF-6C07-44AF-9D8D-6694C697C815,Editor,1,John P.,McCrae,John P. McCrae,John P. McCrae,John P. McCrae,John P. McCrae
https://dhwiki.wikibase.cloud/entity/Q208,https://dhwiki.wikibase.cloud/entity/statement/Q208-C23A15BA-EDDC-4BBD-A29A-A4C831D95BC6,Author,9,Marc,McGee,Marc McGee,Marc McGee,Marc McGee,Marc McGee
https://dhwiki.wikibase.cloud/entity/Q260,https://dhwiki.wikibase.cloud/entity/statement/Q260-D965AC88-88A8-4E18-B031-9AF54C07F201,Author,1,John,McIlwaine,John McIlwaine,John McIlwaine,John McIlwaine,John McIlwaine
https://dhwiki.wikibase.cloud/entity/Q281,https://dhwiki.wikibase.cloud/entity/statement/Q281-5842F574-4BCA-4E3B-B1AB-9FC110DB4D8E,Author,1,Dora,Melo,Dora Melo,Dora Melo,Dora Melo,Dora Melo
https://dhwiki.wikibase.cloud/entity/Q243,https://dhwiki.wikibase.cloud/entity/statement/Q243-491223BC-CC34-4E41-A322-1874C04B60C3,Author,4,Julian,Mendez,Julian Mendez,Julian Mendez,Julian Mendez,Julian Mendez
https://dhwiki.wikibase.cloud/entity/Q268,https://dhwiki.wikibase.cloud/entity/statement/Q268-1FFD8E94-23FA-4524-8A03-2E724563ED79,Author,5,Sebastian,Meyer,Sebastian Meyer,Sebastian Meyer,Sebastian Meyer,Sebastian Meyer
https://dhwiki.wikibase.cloud/entity/Q240,https://dhwiki.wikibase.cloud/entity/statement/Q240-8D366763-CCE4-491E-931C-79DCDD41B8AF,Author,14,Daniel,Mietchen,Daniel Mietchen,Daniel Mietchen,Daniel Mietchen,Daniel Mietchen
https://dhwiki.wikibase.cloud/entity/Q251,https://dhwiki.wikibase.cloud/entity/statement/Q251-A3881003-4C3B-4149-B389-FF1EC30DAE0F,Author,2,Daniel,Mietchen,Daniel Mietchen,Daniel Mietchen,Daniel Mietchen,Daniel Mietchen
https://dhwiki.wikibase.cloud/entity/Q243,https://dhwiki.wikibase.cloud/entity/statement/Q243-DFA11785-CD8D-4005-8670-6CA3AF0242DC,Editor,1,Peter,Mika,Peter Mika,Peter Mika,Peter Mika,Peter Mika
https://dhwiki.wikibase.cloud/entity/Q208,https://dhwiki.wikibase.cloud/entity/statement/Q208-8BE6E791-41A8-456F-935D-902E5F679BC9,Author,10,Karen,Miller,Karen Miller,Karen Miller,Karen Miller,Karen Miller
https://dhwiki.wikibase.cloud/entity/Q240,https://dhwiki.wikibase.cloud/entity/statement/Q240-D46C451D-9E75-434B-A8CD-A6666FDE39CA,Author,15,Elvira,Mitraka,Elvira Mitraka,Elvira Mitraka,Elvira Mitraka,Elvira Mitraka
https://dhwiki.wikibase.cloud/entity/Q286,https://dhwiki.wikibase.cloud/entity/statement/Q286-6C666519-A5BE-4224-B751-1225D3B5D0A4,Author,6,Jeff,Mixter,Jeff Mixter,Jeff Mixter,Jeff Mixter,Jeff Mixter
https://dhwiki.wikibase.cloud/entity/Q208,https://dhwiki.wikibase.cloud/entity/statement/Q208-A5FED93E-22E2-435F-BD1C-99FBC929847B,Author,11,Honor,Moody,Honor Moody,Honor Moody,Honor Moody,Honor Moody
https://dhwiki.wikibase.cloud/entity/Q241,https://dhwiki.wikibase.cloud/entity/statement/Q241-8EFA1CA3-EE44-4CFF-9CD6-C1B6582B2B9E,Author,1,Marçal,Mora-Cantallops,Marçal Mora-Cantallops,Marçal Mora-Cantallops,Marçal Mora-Cantallops,Marçal Mora-Cantallops
https://dhwiki.wikibase.cloud/entity/Q217,https://dhwiki.wikibase.cloud/entity/statement/Q217-585A899E-DE0B-45E2-8B6F-54D2130EAC50,Editor,12,Asuncion,Moreno,Asuncion Moreno,Asuncion Moreno,Asuncion Moreno,Asuncion Moreno
https://dhwiki.wikibase.cloud/entity/Q245,https://dhwiki.wikibase.cloud/entity/statement/Q245-035DCD7D-0069-4975-B192-71B41CAB5902,Author,2,Claudia,Müller-Birn,Claudia Müller-Birn,Claudia Müller-Birn,Claudia Müller-Birn,Claudia Müller-Birn
https://dhwiki.wikibase.cloud/entity/Q268,https://dhwiki.wikibase.cloud/entity/statement/Q268-6ABDD6D5-1B63-4F79-B160-70EC2D2DAF76,Author,6,Andreas,Neuburger,Andreas Neuburger,Andreas Neuburger,Andreas Neuburger,Andreas Neuburger
https://dhwiki.wikibase.cloud/entity/Q239,https://dhwiki.wikibase.cloud/entity/statement/Q239-35A849B6-5051-4811-A41A-1C8B7FDB60A2,Author,1,Finn,Nielsen,Finn Nielsen,Finn Nielsen,Finn Nielsen,Finn Nielsen
https://dhwiki.wikibase.cloud/entity/Q251,https://dhwiki.wikibase.cloud/entity/statement/Q251-DCB00C8D-A657-4E28-A1DC-750233540CDF,Author,1,Finn Årup,Nielsen,Finn Årup Nielsen,Finn Årup Nielsen,Finn Årup Nielsen,Finn Årup Nielsen
https://dhwiki.wikibase.cloud/entity/Q243,https://dhwiki.wikibase.cloud/entity/statement/Q243-476E1C9E-CD14-48AD-8A77-DE285DAF16CB,Editor,8,Natasha,Noy,Natasha Noy,Natasha Noy,Natasha Noy,Natasha Noy
https://dhwiki.wikibase.cloud/entity/Q223,https://dhwiki.wikibase.cloud/entity/statement/Q223-B0D5C88D-347B-4598-B39C-D37A7DC30100,Editor,8,Natasha,Noy,Natasha Noy,Natasha Noy,Natasha Noy,Natasha Noy
https://dhwiki.wikibase.cloud/entity/Q277,https://dhwiki.wikibase.cloud/entity/statement/Q277-7DB095A5-EB27-4A24-BF2F-AACA6097471C,Editor,4,Kjetil,Nørvåg,Kjetil Nørvåg,Kjetil Nørvåg,Kjetil Nørvåg,Kjetil Nørvåg
https://dhwiki.wikibase.cloud/entity/Q253,https://dhwiki.wikibase.cloud/entity/statement/Q253-2CBD6CB8-CCCB-4713-9D52-9A8B2D2C7FFE,Author,2,Jere D.,Odell,Jere D. Odell,Jere D. Odell,Jere D. Odell,Jere D. Odell
https://dhwiki.wikibase.cloud/entity/Q217,https://dhwiki.wikibase.cloud/entity/statement/Q217-1F064DF6-7AAC-46C8-93FF-62902205DF1A,Editor,13,Jan,Odijk,Jan Odijk,Jan Odijk,Jan Odijk,Jan Odijk
https://dhwiki.wikibase.cloud/entity/Q263,https://dhwiki.wikibase.cloud/entity/statement/Q263-C9A51EF3-C302-431E-B1CD-4ACC1E532B01,Author,3,Maria,Olivera Zaldua,Maria Olivera Zaldua,Maria Olivera Zaldua,Maria Olivera Zaldua,Maria Olivera Zaldua
https://dhwiki.wikibase.cloud/entity/Q215,https://dhwiki.wikibase.cloud/entity/statement/Q215-3697615C-66EC-47F6-8D1D-26D9D27EA416,Author,3,Gábor,Palkó,Gábor Palkó,Gábor Palkó,Gábor Palkó,Gábor Palkó
https://dhwiki.wikibase.cloud/entity/Q283,https://dhwiki.wikibase.cloud/entity/statement/Q283-8D80B7A2-0E3E-47F0-BBB5-40A3B7710B94,Editor,2,Manuel,Palomo-Duarte,Manuel Palomo-Duarte,Manuel Palomo-Duarte,Manuel Palomo-Duarte,Manuel Palomo-Duarte
https://dhwiki.wikibase.cloud/entity/Q262,https://dhwiki.wikibase.cloud/entity/statement/Q262-78B91819-6953-4D77-BFF9-F42CBFDBD4FE,Author,2,Georgios,Papaioannou,Georgios Papaioannou,Georgios Papaioannou,Georgios Papaioannou,Georgios Papaioannou
https://dhwiki.wikibase.cloud/entity/Q264,https://dhwiki.wikibase.cloud/entity/statement/Q264-82615C2E-8D00-4C4A-8392-6B59824E94D2,Author,5,Christos,Papatheodorou,Christos Papatheodorou,Christos Papatheodorou,Christos Papatheodorou,Christos Papatheodorou
https://dhwiki.wikibase.cloud/entity/Q223,https://dhwiki.wikibase.cloud/entity/statement/Q223-7CE4BCB3-A86A-4F3B-8F9E-1753BBB9A91C,Editor,6,Josiane Xavier,Parreira,Josiane Xavier Parreira,Josiane Xavier Parreira,Josiane Xavier Parreira,Josiane Xavier Parreira
https://dhwiki.wikibase.cloud/entity/Q224,https://dhwiki.wikibase.cloud/entity/statement/Q224-40AB98EE-E80F-4348-A052-3D87773770C9,Author,6,Marco Carlo,Passarotti,Marco Carlo Passarotti,Marco Carlo Passarotti,Marco Carlo Passarotti,Marco Carlo Passarotti
https://dhwiki.wikibase.cloud/entity/Q251,https://dhwiki.wikibase.cloud/entity/statement/Q251-B9B431E8-B1D6-4651-BB23-1B6F2B09BCB1,Editor,3,Heiko,Paulheim,Heiko Paulheim,Heiko Paulheim,Heiko Paulheim,Heiko Paulheim
https://dhwiki.wikibase.cloud/entity/Q260,https://dhwiki.wikibase.cloud/entity/statement/Q260-EFC07D16-D6BD-4D50-BF07-25852EBB741C,Author,4,Dale,Peters,Dale Peters,Dale Peters,Dale Peters,Dale Peters
https://dhwiki.wikibase.cloud/entity/Q270,https://dhwiki.wikibase.cloud/entity/statement/Q270-0239566A-B266-4279-B04F-A8BCB7D84186,Author,14,Thuy-An,Pham,Thuy-An Pham,Thuy-An Pham,Thuy-An Pham,Thuy-An Pham
https://dhwiki.wikibase.cloud/entity/Q240,https://dhwiki.wikibase.cloud/entity/statement/Q240-FE2A1429-A54D-473D-85E3-59991ED5741F,Author,16,Alexander R,Pico,Alexander R Pico,Alexander R Pico,Alexander R Pico,Alexander R Pico
https://dhwiki.wikibase.cloud/entity/Q256,https://dhwiki.wikibase.cloud/entity/statement/Q256-C2C0AB23-DC3C-4767-A2A0-9E33B40EFCE8,Author,2,Ivete,Pieruccini,Ivete Pieruccini,Ivete Pieruccini,Ivete Pieruccini,Ivete Pieruccini
https://dhwiki.wikibase.cloud/entity/Q217,https://dhwiki.wikibase.cloud/entity/statement/Q217-46815885-6062-46F3-9CBE-C0712915165D,Editor,14,Stelios,Piperidis,Stelios Piperidis,Stelios Piperidis,Stelios Piperidis,Stelios Piperidis
https://dhwiki.wikibase.cloud/entity/Q236,https://dhwiki.wikibase.cloud/entity/statement/Q236-D8EFC735-88F6-4FCB-A78B-6621B75EA1C6,Author,1,Alessandro,Piscopo,Alessandro Piscopo,Alessandro Piscopo,Alessandro Piscopo,Alessandro Piscopo
https://dhwiki.wikibase.cloud/entity/Q270,https://dhwiki.wikibase.cloud/entity/statement/Q270-96906D85-881C-417A-B1E9-EDCD0D2735A5,Author,15,Abigail,Potter,Abigail Potter,Abigail Potter,Abigail Potter,Abigail Potter
https://dhwiki.wikibase.cloud/entity/Q237,https://dhwiki.wikibase.cloud/entity/statement/Q237-D90D2112-0182-42F9-BCDC-3D2B4C3446A8,Editor,4,Valentina,Presutti,Valentina Presutti,Valentina Presutti,Valentina Presutti,Valentina Presutti
https://dhwiki.wikibase.cloud/entity/Q240,https://dhwiki.wikibase.cloud/entity/statement/Q240-3E1EA807-F557-450D-870E-7DC8363BB640,Author,17,Timothy,Putman,Timothy Putman,Timothy Putman,Timothy Putman,Timothy Putman
https://dhwiki.wikibase.cloud/entity/Q240,https://dhwiki.wikibase.cloud/entity/statement/Q240-DCE0489F-C6CA-403C-854B-49BB2FB50C28,Author,19,Nuria,Queralt-Rosinach,Nuria Queralt-Rosinach,Nuria Queralt-Rosinach,Nuria Queralt-Rosinach,Nuria Queralt-Rosinach
https://dhwiki.wikibase.cloud/entity/Q246,https://dhwiki.wikibase.cloud/entity/statement/Q246-9E6623AC-C42B-4C14-A4B0-ED9F21EB702A,Author,2,Manuel,Ramírez Sánchez,Manuel Ramírez Sánchez,Manuel Ramírez Sánchez,Manuel Ramírez Sánchez,Manuel Ramírez Sánchez
https://dhwiki.wikibase.cloud/entity/Q240,https://dhwiki.wikibase.cloud/entity/statement/Q240-6B724EE6-ECFB-4547-95E5-76050B2578D2,Author,18,Anders,Riutta,Anders Riutta,Anders Riutta,Anders Riutta,Anders Riutta
https://dhwiki.wikibase.cloud/entity/Q281,https://dhwiki.wikibase.cloud/entity/statement/Q281-0470CB3B-6C1F-45BA-B923-703EC4E6D010,Author,2,Irene Pimenta,Rodrigues,Irene Pimenta Rodrigues,Irene Pimenta Rodrigues,Irene Pimenta Rodrigues,Irene Pimenta Rodrigues
https://dhwiki.wikibase.cloud/entity/Q246,https://dhwiki.wikibase.cloud/entity/statement/Q246-73914893-51AF-416D-9D85-EBAFFD9E64DB,Author,3,Gregorio,Rodríguez Herrera,Gregorio Rodríguez Herrera,Gregorio Rodríguez Herrera,Gregorio Rodríguez Herrera,Gregorio Rodríguez Herrera
https://dhwiki.wikibase.cloud/entity/Q249,https://dhwiki.wikibase.cloud/entity/statement/Q249-42ACC7A7-CF64-47A9-A515-1F4A291654E4,Author,1,Lozana,Rossenova,Lozana Rossenova,Lozana Rossenova,Lozana Rossenova,Lozana Rossenova
https://dhwiki.wikibase.cloud/entity/Q278,https://dhwiki.wikibase.cloud/entity/statement/Q278-5A6DAD18-7042-4B02-A8A9-D4C026ADE898,Author,1,Lozana,Rossenova,Lozana Rossenova,Lozana Rossenova,Lozana Rossenova,Lozana Rossenova
https://dhwiki.wikibase.cloud/entity/Q286,https://dhwiki.wikibase.cloud/entity/statement/Q286-3AFC7574-0571-4081-BDF5-8FB98C44C8A9,Author,7,Jason,Roy,Jason Roy,Jason Roy,Jason Roy,Jason Roy
https://dhwiki.wikibase.cloud/entity/Q237,https://dhwiki.wikibase.cloud/entity/statement/Q237-AAEF03D9-3883-43AC-8E04-C27348F2A1B0,Editor,6,Marta,Sabou,Marta Sabou,Marta Sabou,Marta Sabou,Marta Sabou
https://dhwiki.wikibase.cloud/entity/Q274,https://dhwiki.wikibase.cloud/entity/statement/Q274-1F6A78D5-A882-49D3-AC8D-47A2C2F403D5,Editor,1,Antonia,Salvador Benítez,Antonia Salvador Benítez,Antonia Salvador Benítez,Antonia Salvador Benítez,Antonia Salvador Benítez
https://dhwiki.wikibase.cloud/entity/Q263,https://dhwiki.wikibase.cloud/entity/statement/Q263-7380C222-CF3E-4087-9A02-D25CD67B161F,Author,2,Antonia,Salvador Benítez,Antonia Salvador Benítez,Antonia Salvador Benítez,Antonia Salvador Benítez,Antonia Salvador Benítez
https://dhwiki.wikibase.cloud/entity/Q247,https://dhwiki.wikibase.cloud/entity/statement/Q247-5492E7FD-1EBA-4513-9B3C-163622087CE9,Author,6,Kepa,Sarasola,Kepa Sarasola,Kepa Sarasola,Kepa Sarasola,Kepa Sarasola
https://dhwiki.wikibase.cloud/entity/Q240,https://dhwiki.wikibase.cloud/entity/statement/Q240-BF760131-301E-4106-A9C7-F8FB031E5FA8,Author,20,Lynn M,Schriml,Lynn M Schriml,Lynn M Schriml,Lynn M Schriml,Lynn M Schriml
https://dhwiki.wikibase.cloud/entity/Q278,https://dhwiki.wikibase.cloud/entity/statement/Q278-A668FC22-5A4B-48C4-9680-37946A11BE9C,Author,2,Moritz,Schubotz,Moritz Schubotz,Moritz Schubotz,Moritz Schubotz,Moritz Schubotz
https://dhwiki.wikibase.cloud/entity/Q282,https://dhwiki.wikibase.cloud/entity/statement/Q282-1D7C58A2-34AE-45B2-98B9-D2D602A01ECF,Author,2,Kenneth,Seals-Nutt,Kenneth Seals-Nutt,Kenneth Seals-Nutt,Kenneth Seals-Nutt,Kenneth Seals-Nutt
https://dhwiki.wikibase.cloud/entity/Q240,https://dhwiki.wikibase.cloud/entity/statement/Q240-DD09B370-CC25-4B9A-BC15-C162AB13F242,Author,21,Thomas,Shafee,Thomas Shafee,Thomas Shafee,Thomas Shafee,Thomas Shafee
https://dhwiki.wikibase.cloud/entity/Q278,https://dhwiki.wikibase.cloud/entity/statement/Q278-2BD3015F-9DB5-4A72-9432-358081335768,Author,3,Renat,Shigapov,Renat Shigapov,Renat Shigapov,Renat Shigapov,Renat Shigapov
https://dhwiki.wikibase.cloud/entity/Q236,https://dhwiki.wikibase.cloud/entity/statement/Q236-3D8D5E3D-2C52-48FE-953A-FDE8DF33C078,Author,2,Elena,Simperl,Elena Simperl,Elena Simperl,Elena Simperl,Elena Simperl
https://dhwiki.wikibase.cloud/entity/Q237,https://dhwiki.wikibase.cloud/entity/statement/Q237-3AD37FBF-9FC6-43C8-A3C2-51EA1865F059,Editor,8,Elena,Simperl,Elena Simperl,Elena Simperl,Elena Simperl,Elena Simperl
https://dhwiki.wikibase.cloud/entity/Q217,https://dhwiki.wikibase.cloud/entity/statement/Q217-5841ED01-7D1A-47BD-97D5-BC349DD609CE,Author,5,Mihailo,Skoric,Mihailo Skoric,Mihailo Skoric,Mihailo Skoric,Mihailo Skoric
https://dhwiki.wikibase.cloud/entity/Q240,https://dhwiki.wikibase.cloud/entity/statement/Q240-D3FD02EC-9E41-49EE-8E55-5EC71507FA11,Author,22,Denise,Slenter,Denise Slenter,Denise Slenter,Denise Slenter,Denise Slenter
https://dhwiki.wikibase.cloud/entity/Q208,https://dhwiki.wikibase.cloud/entity/statement/Q208-CBF8F057-90E6-47BE-A745-ACF9734B26E0,Author,2,Karen,Smith-Yoshimura,Karen Smith-Yoshimura,Karen Smith-Yoshimura,Karen Smith-Yoshimura,Karen Smith-Yoshimura
https://dhwiki.wikibase.cloud/entity/Q279,https://dhwiki.wikibase.cloud/entity/statement/Q279-E03152B2-16DB-4D0D-9E58-AAD51C1061E4,Author,1,Karen,Smith-Yoshimura,Karen Smith-Yoshimura,Karen Smith-Yoshimura,Karen Smith-Yoshimura,Karen Smith-Yoshimura
https://dhwiki.wikibase.cloud/entity/Q264,https://dhwiki.wikibase.cloud/entity/statement/Q264-103ED440-2617-47C9-8EF9-B12C4D1A5C29,Author,3,Dimitrios,Spanoudakis,Dimitrios Spanoudakis,Dimitrios Spanoudakis,Dimitrios Spanoudakis,Dimitrios Spanoudakis
https://dhwiki.wikibase.cloud/entity/Q217,https://dhwiki.wikibase.cloud/entity/statement/Q217-AB5312B5-514C-458F-87AC-23BE83DA54C2,Author,1,Ranka,Stankovic,Ranka Stankovic,Ranka Stankovic,Ranka Stankovic,Ranka Stankovic
https://dhwiki.wikibase.cloud/entity/Q218,https://dhwiki.wikibase.cloud/entity/statement/Q218-5FA6C865-7D91-400B-901A-6C70A42A79AC,Author,1,Ranka,Stanković,Ranka Stanković,Ranka Stanković,Ranka Stanković,Ranka Stanković
https://dhwiki.wikibase.cloud/entity/Q268,https://dhwiki.wikibase.cloud/entity/statement/Q268-3DA349C0-AD2B-4731-AF2B-B4B67AA01002,Author,8,Regine,Stein,Regine Stein,Regine Stein,Regine Stein,Regine Stein
https://dhwiki.wikibase.cloud/entity/Q264,https://dhwiki.wikibase.cloud/entity/statement/Q264-13664D12-A9AB-4086-8398-F1DE95F4AC58,Editor,3,Armando,Stellato,Armando Stellato,Armando Stellato,Armando Stellato,Armando Stellato
https://dhwiki.wikibase.cloud/entity/Q240,https://dhwiki.wikibase.cloud/entity/statement/Q240-99719AE6-10C5-4F42-9499-4EC057752C0C,Author,23,Ralf,Stephan,Ralf Stephan,Ralf Stephan,Ralf Stephan,Ralf Stephan
https://dhwiki.wikibase.cloud/entity/Q240,https://dhwiki.wikibase.cloud/entity/statement/Q240-891364EF-393D-427C-9A09-5B02982C8B30,Author,2,Gregory,Stupp,Gregory Stupp,Gregory Stupp,Gregory Stupp,Gregory Stupp
https://dhwiki.wikibase.cloud/entity/Q257,https://dhwiki.wikibase.cloud/entity/statement/Q257-1D100EA4-3E59-4767-A079-434BCA66CCFA,Author,2,Gregory,Stupp,Gregory Stupp,Gregory Stupp,Gregory Stupp,Gregory Stupp
https://dhwiki.wikibase.cloud/entity/Q268,https://dhwiki.wikibase.cloud/entity/statement/Q268-48C6CD40-6333-4D64-AF1B-7C388EF228B8,Author,7,Thomas,Stäcker,Thomas Stäcker,Thomas Stäcker,Thomas Stäcker,Thomas Stäcker
https://dhwiki.wikibase.cloud/entity/Q240,https://dhwiki.wikibase.cloud/entity/statement/Q240-D8993250-34B6-4928-B07A-969EC382142C,Author,30,Andrew I,Su,Andrew I Su,Andrew I Su,Andrew I Su,Andrew I Su
https://dhwiki.wikibase.cloud/entity/Q264,https://dhwiki.wikibase.cloud/entity/statement/Q264-8F3FCD12-DEBB-4025-A6B7-1D1CC745E0A8,Editor,2,Imma,Subirats Coll,Imma Subirats Coll,Imma Subirats Coll,Imma Subirats Coll,Imma Subirats Coll
https://dhwiki.wikibase.cloud/entity/Q237,https://dhwiki.wikibase.cloud/entity/statement/Q237-6AC3E567-DB98-4E5E-B37B-A274CD2E56F0,Editor,3,Mari Carmen,Suárez-Figueroa,Mari Carmen Suárez-Figueroa,Mari Carmen Suárez-Figueroa,Mari Carmen Suárez-Figueroa,Mari Carmen Suárez-Figueroa
https://dhwiki.wikibase.cloud/entity/Q211,https://dhwiki.wikibase.cloud/entity/statement/Q211-66F3F5C6-2034-4E7D-83B9-C6B5FE9874E0,Author,2,María Dolores,Sáez,María Dolores Sáez,María Dolores Sáez,María Dolores Sáez,María Dolores Sáez
https://dhwiki.wikibase.cloud/entity/Q263,https://dhwiki.wikibase.cloud/entity/statement/Q263-591EB37C-4BD7-4E14-9158-5FC59B7617FC,Author,1,Juan Miguel,Sánchez Vigil,Juan Miguel Sánchez Vigil,Juan Miguel Sánchez Vigil,Juan Miguel Sánchez Vigil,Juan Miguel Sánchez Vigil
https://dhwiki.wikibase.cloud/entity/Q241,https://dhwiki.wikibase.cloud/entity/statement/Q241-2CAD6922-A0F5-4860-A85C-9C01F0A2323A,Author,2,Salvador,Sánchez-Alonso,Salvador Sánchez-Alonso,Salvador Sánchez-Alonso,Salvador Sánchez-Alonso,Salvador Sánchez-Alonso
https://dhwiki.wikibase.cloud/entity/Q210,https://dhwiki.wikibase.cloud/entity/statement/Q210-D5CF74F5-A409-46FE-9001-9856DF0388A8,Author,2,Toma,Tasovac,Toma Tasovac,Toma Tasovac,Toma Tasovac,Toma Tasovac
https://dhwiki.wikibase.cloud/entity/Q219,https://dhwiki.wikibase.cloud/entity/statement/Q219-D09D4AA9-57DB-4FF8-B862-4B278F4CB1AD,Author,1,Melissa,Terras,Melissa Terras,Melissa Terras,Melissa Terras,Melissa Terras
https://dhwiki.wikibase.cloud/entity/Q235,https://dhwiki.wikibase.cloud/entity/statement/Q235-FDEA6FF2-6191-42A8-8466-2FD4D1AE4FF3,Author,1,Karim,Tharani,Karim Tharani,Karim Tharani,Karim Tharani,Karim Tharani
https://dhwiki.wikibase.cloud/entity/Q208,https://dhwiki.wikibase.cloud/entity/statement/Q208-1DE7BC2D-C2F9-4686-9F4C-F09A336EFAF5,Author,12,Craig,Thomas,Craig Thomas,Craig Thomas,Craig Thomas,Craig Thomas
https://dhwiki.wikibase.cloud/entity/Q240,https://dhwiki.wikibase.cloud/entity/statement/Q240-C288CAD8-B590-4503-821F-5EF9AEA7DD23,Author,24,Katherine,Thornton,Katherine Thornton,Katherine Thornton,Katherine Thornton,Katherine Thornton
https://dhwiki.wikibase.cloud/entity/Q282,https://dhwiki.wikibase.cloud/entity/statement/Q282-B3F0F40E-D37C-4763-8044-FB9227E7548F,Author,1,Katherine,Thornton,Katherine Thornton,Katherine Thornton,Katherine Thornton,Katherine Thornton
https://dhwiki.wikibase.cloud/entity/Q228,https://dhwiki.wikibase.cloud/entity/statement/Q228-88353519-48F4-4072-9CD0-4B69C21D7FD0,Editor,2,Carole,Tiberius,Carole Tiberius,Carole Tiberius,Carole Tiberius,Carole Tiberius
https://dhwiki.wikibase.cloud/entity/Q208,https://dhwiki.wikibase.cloud/entity/statement/Q208-3DDF2C41-2CCB-42E1-BE34-4928FDF69E78,Author,13,Holly,Tomren,Holly Tomren,Holly Tomren,Holly Tomren,Holly Tomren
https://dhwiki.wikibase.cloud/entity/Q286,https://dhwiki.wikibase.cloud/entity/statement/Q286-F41F8AB2-E9E0-4415-9F9D-9A0B0074F96E,Author,8,Holly,Tomren,Holly Tomren,Holly Tomren,Holly Tomren,Holly Tomren
https://dhwiki.wikibase.cloud/entity/Q240,https://dhwiki.wikibase.cloud/entity/statement/Q240-587DE050-E2C4-4885-A057-D4B9274AD82B,Author,25,Ginger,Tsueng,Ginger Tsueng,Ginger Tsueng,Ginger Tsueng,Ginger Tsueng
https://dhwiki.wikibase.cloud/entity/Q240,https://dhwiki.wikibase.cloud/entity/statement/Q240-F8EAB993-1689-48AA-8BCD-26C169E8B342,Author,26,Roger,Tu,Roger Tu,Roger Tu,Roger Tu,Roger Tu
https://dhwiki.wikibase.cloud/entity/Q266,https://dhwiki.wikibase.cloud/entity/statement/Q266-3BF819F9-D684-478A-B54E-4E9D537565EC,Editor,3,Suppawong,Tuarob,Suppawong Tuarob,Suppawong Tuarob,Suppawong Tuarob,Suppawong Tuarob
https://dhwiki.wikibase.cloud/entity/Q243,https://dhwiki.wikibase.cloud/entity/statement/Q243-9B547863-8E34-40C4-85A6-E67D619CFC58,Editor,2,Tania,Tudorache,Tania Tudorache,Tania Tudorache,Tania Tudorache,Tania Tudorache
https://dhwiki.wikibase.cloud/entity/Q240,https://dhwiki.wikibase.cloud/entity/statement/Q240-6971826C-9BB3-4B21-95F3-89B6F86619B9,Author,27,Sabah,Ul-Hasan,Sabah Ul-Hasan,Sabah Ul-Hasan,Sabah Ul-Hasan,Sabah Ul-Hasan
https://dhwiki.wikibase.cloud/entity/Q217,https://dhwiki.wikibase.cloud/entity/statement/Q217-370FC4DC-6D52-4BDB-A584-D4EA2B20054A,Author,4,Miloš,Utvić,Miloš Utvić,Miloš Utvić,Miloš Utvić,Miloš Utvić
https://dhwiki.wikibase.cloud/entity/Q270,https://dhwiki.wikibase.cloud/entity/statement/Q270-18A213D0-46E3-4DD6-B382-AB9ABD44DBF4,Author,16,Ellen,Van Keer,Ellen Van Keer,Ellen Van Keer,Ellen Van Keer,Ellen Van Keer
https://dhwiki.wikibase.cloud/entity/Q244,https://dhwiki.wikibase.cloud/entity/statement/Q244-C19AAA41-FAE8-4A90-8DD6-25933AEAF52E,Author,1,Theo,Van Veen,Theo Van Veen,Theo Van Veen,Theo Van Veen,Theo Van Veen
https://dhwiki.wikibase.cloud/entity/Q281,https://dhwiki.wikibase.cloud/entity/statement/Q281-A84005C1-A67E-46DB-9C19-3C958CE5D55B,Author,3,Davide,Varagnolo,Davide Varagnolo,Davide Varagnolo,Davide Varagnolo,Davide Varagnolo
https://dhwiki.wikibase.cloud/entity/Q277,https://dhwiki.wikibase.cloud/entity/statement/Q277-D8A5BE45-D519-4B14-8B5B-EFDB38C8E56F,Editor,6,Genoveva,Vargas-Solar,Genoveva Vargas-Solar,Genoveva Vargas-Solar,Genoveva Vargas-Solar,Genoveva Vargas-Solar
https://dhwiki.wikibase.cloud/entity/Q260,https://dhwiki.wikibase.cloud/entity/statement/Q260-D069511B-1D28-447B-A822-27AEB8A8B5D0,Author,6,Marie-Thérèse,Varlamoff,Marie-Thérèse Varlamoff,Marie-Thérèse Varlamoff,Marie-Thérèse Varlamoff,Marie-Thérèse Varlamoff
https://dhwiki.wikibase.cloud/entity/Q256,https://dhwiki.wikibase.cloud/entity/statement/Q256-1CC1073F-3889-41BD-8E6D-3CA2B563296A,Author,1,Lilian,Viana,Lilian Viana,Lilian Viana,Lilian Viana,Lilian Viana
https://dhwiki.wikibase.cloud/entity/Q243,https://dhwiki.wikibase.cloud/entity/statement/Q243-6273FCF4-DD4D-44B7-86B3-62435F7F5082,Editor,6,Denny,Vrandečić,Denny Vrandečić,Denny Vrandečić,Denny Vrandečić,Denny Vrandečić
https://dhwiki.wikibase.cloud/entity/Q243,https://dhwiki.wikibase.cloud/entity/statement/Q243-D8EDF631-02DB-4249-B7B8-57A1D947D5D3,Author,5,Denny,Vrandečić,Denny Vrandečić,Denny Vrandečić,Denny Vrandečić,Denny Vrandečić
https://dhwiki.wikibase.cloud/entity/Q248,https://dhwiki.wikibase.cloud/entity/statement/Q248-8399984C-1180-43F3-87BE-06EBF48152E5,Author,1,Denny,Vrandečić,Denny Vrandečić,Denny Vrandečić,Denny Vrandečić,Denny Vrandečić
https://dhwiki.wikibase.cloud/entity/Q258,https://dhwiki.wikibase.cloud/entity/statement/Q258-C0841BDE-22C0-4C47-A297-14124F37E9AE,Author,1,Denny,Vrandečić,Denny Vrandečić,Denny Vrandečić,Denny Vrandečić,Denny Vrandečić
https://dhwiki.wikibase.cloud/entity/Q237,https://dhwiki.wikibase.cloud/entity/statement/Q237-48CF30FF-BEB8-4AF1-924E-FD3BF3CAB331,Editor,1,Denny,Vrandečić,Denny Vrandečić,Denny Vrandečić,Denny Vrandečić,Denny Vrandečić
https://dhwiki.wikibase.cloud/entity/Q240,https://dhwiki.wikibase.cloud/entity/statement/Q240-FD7EC92B-F3A5-4FD0-AA6C-2B552F04C343,Author,1,Andra,Waagmeester,Andra Waagmeester,Andra Waagmeester,Andra Waagmeester,Andra Waagmeester
https://dhwiki.wikibase.cloud/entity/Q257,https://dhwiki.wikibase.cloud/entity/statement/Q257-A8C2ACC6-08D3-41B2-BDBA-9086F464180A,Author,1,Andra,Waagmeester,Andra Waagmeester,Andra Waagmeester,Andra Waagmeester,Andra Waagmeester
https://dhwiki.wikibase.cloud/entity/Q208,https://dhwiki.wikibase.cloud/entity/statement/Q208-0270F8F4-2DB5-4806-B43A-D762FFB9BEAA,Author,3,Bruce,Washburn,Bruce Washburn,Bruce Washburn,Bruce Washburn,Bruce Washburn
https://dhwiki.wikibase.cloud/entity/Q286,https://dhwiki.wikibase.cloud/entity/statement/Q286-04260990-2A20-4621-A28F-B51EFA2AA9B9,Author,9,Bruce,Washburn,Bruce Washburn,Bruce Washburn,Bruce Washburn,Bruce Washburn
https://dhwiki.wikibase.cloud/entity/Q223,https://dhwiki.wikibase.cloud/entity/statement/Q223-4D5373B1-75ED-4AF6-A182-0EFF0314D29A,Editor,9,Chris,Welty,Chris Welty,Chris Welty,Chris Welty,Chris Welty
https://dhwiki.wikibase.cloud/entity/Q243,https://dhwiki.wikibase.cloud/entity/statement/Q243-1091A326-D396-486D-8A49-88AD113027E9,Editor,4,Chris,Welty,Chris Welty,Chris Welty,Chris Welty,Chris Welty
https://dhwiki.wikibase.cloud/entity/Q286,https://dhwiki.wikibase.cloud/entity/statement/Q286-68D6D925-F2D0-43CB-AEC0-92A38C926F69,Author,10,Elliot,Williams,Elliot Williams,Elliot Williams,Elliot Williams,Elliot Williams
https://dhwiki.wikibase.cloud/entity/Q240,https://dhwiki.wikibase.cloud/entity/statement/Q240-866A61B1-71A0-4A4D-969C-0B6EF14289D3,Author,28,Egon,Willighagen,Egon Willighagen,Egon Willighagen,Egon Willighagen,Egon Willighagen
https://dhwiki.wikibase.cloud/entity/Q251,https://dhwiki.wikibase.cloud/entity/statement/Q251-E606AA91-ACE3-4BF9-A335-AE31EAB51AF6,Author,3,Egon,Willighagen,Egon Willighagen,Egon Willighagen,Egon Willighagen,Egon Willighagen
https://dhwiki.wikibase.cloud/entity/Q282,https://dhwiki.wikibase.cloud/entity/statement/Q282-90E29A2B-3550-4480-BAAE-E5ADA675616B,Author,4,Carl,Wilson,Carl Wilson,Carl Wilson,Carl Wilson,Carl Wilson
https://dhwiki.wikibase.cloud/entity/Q260,https://dhwiki.wikibase.cloud/entity/statement/Q260-B93449A8-3CC9-45EF-BC36-4E193BC38370,Author,3,Clemens de,Wolf,Clemens de Wolf,Clemens de Wolf,Clemens de Wolf,Clemens de Wolf
https://dhwiki.wikibase.cloud/entity/Q277,https://dhwiki.wikibase.cloud/entity/statement/Q277-FF8DD2E3-7C45-435B-9284-51BB04AFE1C8,Editor,3,Robert,Wrembel,Robert Wrembel,Robert Wrembel,Robert Wrembel,Robert Wrembel
https://dhwiki.wikibase.cloud/entity/Q240,https://dhwiki.wikibase.cloud/entity/statement/Q240-50064597-C105-4EF0-80DF-8A202456F6EB,Author,29,Chunlei,Wu,Chunlei Wu,Chunlei Wu,Chunlei Wu,Chunlei Wu
https://dhwiki.wikibase.cloud/entity/Q284,https://dhwiki.wikibase.cloud/entity/statement/Q284-30D0777F-094C-4CD0-ABF2-6E198F5938ED,Author,1,Fudie,Zhao,Fudie Zhao,Fudie Zhao,Fudie Zhao,Fudie Zhao
https://dhwiki.wikibase.cloud/entity/Q277,https://dhwiki.wikibase.cloud/entity/statement/Q277-85A48638-5830-490D-ADAA-E99267E2B5E1,Editor,7,Ester,Zumpano,Ester Zumpano,Ester Zumpano,Ester Zumpano,Ester Zumpano
https://dhwiki.wikibase.cloud/entity/Q251,https://dhwiki.wikibase.cloud/entity/statement/Q251-ACB17752-8871-476A-A747-01C556BE11E6,Editor,4,Agnieszka,Ławrynowicz,Agnieszka Ławrynowicz,Agnieszka Ławrynowicz,Agnieszka Ławrynowicz,Agnieszka Ławrynowicz
https://dhwiki.wikibase.cloud/entity/Q217,https://dhwiki.wikibase.cloud/entity/statement/Q217-5F49923E-383C-4BDD-91A8-5254DFF9C3BC,Author,2,Branislava,Šandrih,Branislava Šandrih,Branislava Šandrih,Branislava Šandrih,Branislava Šandrih
https://dhwiki.wikibase.cloud/entity/Q218,https://dhwiki.wikibase.cloud/entity/statement/Q218-C8DBEE10-05BE-472A-9171-F1AA49B93422,Author,3,Branislava,Šandrih Todorović,Branislava Šandrih Todorović,Branislava Šandrih Todorović,Branislava Šandrih Todorović,Branislava Šandrih Todorović
https://dhwiki.wikibase.cloud/entity/Q218,https://dhwiki.wikibase.cloud/entity/statement/Q218-9FA2565A-C56D-4B94-BD0A-E263C59E6E8E,Author,2,Mihailo,Škorić,Mihailo Škorić,Mihailo Škorić,Mihailo Škorić,Mihailo Škorić
